transaction_id,amount,merchant,location,timestamp,card_number,is_fraud
TXN00176,188.82,Target,"Phoenix, AZ",2025-10-07T04:01:13,****2989,0
TXN00771,157.85,Target,"Houston, TX",2025-10-11T10:56:13,****8496,0
TXN00508,14.94,Walmart,"Phoenix, AZ",2025-10-16T08:56:13,****7375,0
TXN00262,49.93,Walmart,"Chicago, IL",2025-09-28T08:31:13,****2503,0
TXN00779,48.83,Home Depot,"New York, NY",2025-10-01T06:18:13,****6641,0
TXN00523,20.21,Target,"Austin, TX",2025-10-09T14:15:13,****5933,0
TXN00934,5.0,Amazon,"Austin, TX",2025-10-01T11:06:13,****7068,0
TXN00130,25.66,Shell Gas,"Los Angeles, CA",2025-10-08T00:52:13,****8532,0
TXN00852,23.73,Home Depot,"Philadelphia, PA",2025-09-21T09:32:13,****5117,0
TXN00662,24.04,Best Buy,"San Antonio, TX",2025-10-10T06:51:13,****2376,0
TXN00701,24.93,Apple Store,"Austin, TX",2025-09-27T07:22:13,****8393,0
TXN00059,89.74,Walmart,"Dallas, TX",2025-10-15T10:24:13,****6718,0
TXN00112,52.47,Shell Gas,"Houston, TX",2025-10-13T10:31:13,****7371,0
TXN00076,187.33,Target,"Jacksonville, FL",2025-10-18T11:30:13,****8711,0
TXN00393,7.54,Best Buy,"San Jose, CA",2025-10-05T11:30:13,****1742,0
TXN00057,15.51,Costco,"San Antonio, TX",2025-10-17T07:13:13,****8491,0
TXN00111,5.0,McDonald's,"Dallas, TX",2025-09-28T05:41:13,****4613,0
TXN00817,81.5,Costco,"New York, NY",2025-10-05T12:51:13,****7203,0
TXN00644,5.73,Starbucks,"New York, NY",2025-09-27T07:38:13,****6038,0
TXN00029,22.18,Chevron,"Dallas, TX",2025-09-22T22:12:13,****9005,0
TXN00049,91.42,Shell Gas,"Phoenix, AZ",2025-10-08T06:46:13,****8973,0
TXN00976,4295.91,McDonald's,"Moscow, Russia",2025-10-16T23:02:13,****1159,1
TXN00860,141.09,Apple Store,"New York, NY",2025-09-27T02:53:13,****5934,0
TXN00326,8.83,Amazon,"Austin, TX",2025-10-05T08:47:13,****3352,0
TXN00011,27.25,Costco,"Los Angeles, CA",2025-09-24T13:26:13,****7227,0
TXN00881,2000.0,Costco,"San Diego, CA",2025-10-09T10:50:13,****1504,0
TXN00019,13.98,Target,"Phoenix, AZ",2025-10-17T12:57:13,****9830,0
TXN00650,155.14,Best Buy,"Phoenix, AZ",2025-10-13T04:33:13,****7438,0
TXN00414,371.12,Starbucks,"Chicago, IL",2025-10-12T16:47:13,****2294,0
TXN00440,50.23,Apple Store,"Houston, TX",2025-10-14T02:02:13,****3509,0
TXN00913,79.37,CVS Pharmacy,"Phoenix, AZ",2025-10-03T09:21:13,****7171,0
TXN00180,2000.0,Shell Gas,"Jacksonville, FL",2025-10-12T10:15:13,****7807,0
TXN00828,24.92,Walmart,"Phoenix, AZ",2025-10-02T13:25:13,****7437,0
TXN00626,25.36,Shell Gas,"Philadelphia, PA",2025-10-05T08:40:13,****5247,0
TXN00717,64.8,Walmart,"Austin, TX",2025-10-10T05:06:13,****4727,0
TXN00734,5.0,Shell Gas,"Jacksonville, FL",2025-09-30T14:37:13,****4734,0
TXN00865,21.78,Best Buy,"San Jose, CA",2025-10-05T09:57:13,****1144,0
TXN00050,5.0,Target,"Houston, TX",2025-10-12T13:29:13,****9883,0
TXN00906,58.54,Chevron,"New York, NY",2025-09-30T12:41:13,****3717,0
TXN00259,106.24,Apple Store,"Austin, TX",2025-09-25T07:31:13,****3955,0
TXN00831,7.27,Shell Gas,"San Diego, CA",2025-09-30T09:00:13,****3205,0
TXN00377,202.04,McDonald's,"San Diego, CA",2025-10-07T12:54:13,****3353,0
TXN00834,17.26,CVS Pharmacy,"San Jose, CA",2025-10-16T07:24:13,****2696,0
TXN00712,47.23,Walmart,"San Diego, CA",2025-09-24T14:42:13,****7512,0
TXN00066,417.53,Amazon,"Los Angeles, CA",2025-10-01T11:15:13,****1722,0
TXN00003,144.25,Walmart,"San Jose, CA",2025-10-08T19:27:13,****4582,0
TXN00168,939.35,Shell Gas,"Dallas, TX",2025-10-01T10:15:13,****3973,0
TXN00494,15.0,Home Depot,"San Diego, CA",2025-10-21T21:57:13,****7739,0
TXN00341,15.91,Target,"San Diego, CA",2025-09-29T09:33:13,****9507,0
TXN00458,11.56,Amazon,"Phoenix, AZ",2025-10-07T06:58:13,****7948,0
TXN00460,9.05,Target,"Phoenix, AZ",2025-10-15T01:46:13,****2848,0
TXN00793,82.05,Walmart,"Los Angeles, CA",2025-10-06T13:20:13,****5308,0
TXN00120,168.66,Home Depot,"Los Angeles, CA",2025-09-27T02:30:13,****1508,0
TXN00334,19.77,Home Depot,"San Diego, CA",2025-09-29T10:21:13,****3209,0
TXN00760,156.1,Home Depot,"San Diego, CA",2025-10-12T13:06:13,****7628,0
TXN00722,5.0,Walmart,"San Diego, CA",2025-10-16T02:22:13,****4471,0
TXN00422,759.77,Home Depot,"Houston, TX",2025-09-27T01:12:13,****5676,0
TXN00968,996.07,Crypto Exchange,"Kiev, Ukraine",2025-10-14T09:44:13,****3101,1
TXN00575,189.45,McDonald's,"Los Angeles, CA",2025-09-28T04:44:13,****5055,0
TXN00687,38.07,CVS Pharmacy,"Austin, TX",2025-10-09T09:11:13,****5944,0
TXN00386,68.41,Costco,"San Diego, CA",2025-10-02T03:51:13,****8710,0
TXN00620,76.39,Walmart,"Phoenix, AZ",2025-10-19T10:19:13,****3545,0
TXN00824,31.68,CVS Pharmacy,"Austin, TX",2025-10-10T07:25:13,****2596,0
TXN00491,53.95,Walmart,"Austin, TX",2025-10-20T06:06:13,****3252,0
TXN00642,667.5,CVS Pharmacy,"Dallas, TX",2025-09-27T06:23:13,****1104,0
TXN00307,371.11,Target,"Chicago, IL",2025-10-16T04:43:13,****3712,0
TXN00932,917.58,Shell Gas,"San Jose, CA",2025-10-02T17:42:13,****9706,0
TXN00040,73.35,Best Buy,"Dallas, TX",2025-10-17T06:36:13,****8744,0
TXN00741,5.0,Amazon,"Houston, TX",2025-10-20T09:34:13,****6904,0
TXN00755,13.14,Chevron,"Austin, TX",2025-10-02T08:13:13,****2771,0
TXN00113,59.76,Starbucks,"Austin, TX",2025-09-30T05:46:13,****3704,0
TXN00772,23.48,Target,"Philadelphia, PA",2025-09-24T06:43:13,****2324,0
TXN00177,55.67,Amazon,"Austin, TX",2025-10-02T05:47:13,****3594,0
TXN00287,43.48,Chevron,"Los Angeles, CA",2025-10-12T10:30:13,****1932,0
TXN00538,30.67,Shell Gas,"San Jose, CA",2025-10-06T08:58:13,****9300,0
TXN00622,110.74,Costco,"Jacksonville, FL",2025-10-08T06:38:13,****4909,0
TXN00594,90.06,Amazon,"San Antonio, TX",2025-10-14T22:34:13,****3161,0
TXN00006,38.43,Target,"Jacksonville, FL",2025-10-08T12:23:13,****4527,0
TXN00053,19.78,Target,"Los Angeles, CA",2025-10-02T15:37:13,****4853,0
TXN00758,72.04,Best Buy,"Chicago, IL",2025-10-05T05:35:13,****1930,0
TXN00305,52.91,Chevron,"Dallas, TX",2025-09-25T05:59:13,****1618,0
TXN00027,9.71,Chevron,"Chicago, IL",2025-10-05T02:37:13,****5889,0
TXN00087,215.53,Apple Store,"Philadelphia, PA",2025-09-30T04:46:13,****5920,0
TXN00580,303.58,Costco,"San Jose, CA",2025-10-04T13:47:13,****5794,0
TXN00725,70.55,CVS Pharmacy,"Los Angeles, CA",2025-10-19T11:07:13,****6343,0
TXN00463,19.11,Apple Store,"Austin, TX",2025-09-29T04:17:13,****1724,0
TXN00660,43.97,Walmart,"San Diego, CA",2025-10-18T05:24:13,****2989,0
TXN00200,9.83,Target,"Chicago, IL",2025-10-19T08:08:13,****4945,0
TXN00540,22.98,Apple Store,"Austin, TX",2025-09-22T14:43:13,****5067,0
TXN00944,47.05,Target,"Philadelphia, PA",2025-10-04T09:16:13,****6024,0
TXN00496,122.53,Amazon,"Dallas, TX",2025-09-25T07:05:13,****3937,0
TXN00892,116.85,Starbucks,"Chicago, IL",2025-09-30T08:26:13,****5671,0
TXN00839,239.0,Costco,"Jacksonville, FL",2025-10-04T04:47:13,****4560,0
TXN00149,119.45,Amazon,"San Jose, CA",2025-10-12T10:04:13,****6582,0
TXN00451,49.7,Apple Store,"Los Angeles, CA",2025-10-20T10:48:13,****2044,0
TXN00715,51.6,Shell Gas,"New York, NY",2025-10-13T10:16:13,****4706,0
TXN00246,33.06,McDonald's,"San Jose, CA",2025-10-05T12:00:13,****8048,0
TXN00883,26.2,Chevron,"Phoenix, AZ",2025-09-21T08:13:13,****7113,0
TXN00067,49.01,Amazon,"Philadelphia, PA",2025-09-27T14:16:13,****3647,0
TXN00064,9.08,Costco,"Phoenix, AZ",2025-10-02T13:11:13,****4335,0
TXN00943,144.79,Home Depot,"San Antonio, TX",2025-09-27T12:57:13,****8904,0
TXN00189,15.33,McDonald's,"Austin, TX",2025-09-26T05:23:13,****9115,0
TXN00882,24.62,Shell Gas,"Chicago, IL",2025-10-04T12:45:13,****7406,0
TXN00887,131.09,Best Buy,"San Antonio, TX",2025-09-23T08:00:13,****3333,0
TXN00322,133.32,Walmart,"New York, NY",2025-10-13T13:23:13,****9991,0
TXN00400,349.58,CVS Pharmacy,"Jacksonville, FL",2025-10-01T19:02:13,****5350,0
TXN00236,141.3,Target,"Chicago, IL",2025-10-04T13:21:13,****2801,0
TXN00264,11.74,Target,"Philadelphia, PA",2025-10-12T06:43:13,****2391,0
TXN00229,18.67,Amazon,"Jacksonville, FL",2025-10-10T13:04:13,****4868,0
TXN00699,218.34,McDonald's,"San Diego, CA",2025-09-28T11:22:13,****7783,0
TXN00716,285.7,Costco,"San Jose, CA",2025-10-20T13:48:13,****2584,0
TXN00354,42.95,McDonald's,"Dallas, TX",2025-10-18T13:16:13,****8311,0
TXN00037,74.69,Starbucks,"New York, NY",2025-10-03T08:55:13,****4608,0
TXN00574,39.3,Chevron,"New York, NY",2025-09-27T06:58:13,****4580,0
TXN00101,6.53,Shell Gas,"San Jose, CA",2025-09-25T07:00:13,****7991,0
TXN00886,871.37,Costco,"Houston, TX",2025-09-28T05:46:13,****6633,0
TXN00089,24.66,Chevron,"Chicago, IL",2025-10-15T11:08:13,****3851,0
TXN00489,685.89,CVS Pharmacy,"Philadelphia, PA",2025-10-16T13:58:13,****9000,0
TXN00857,15.67,Walmart,"San Antonio, TX",2025-10-20T10:57:13,****5329,0
TXN00796,265.0,Starbucks,"Houston, TX",2025-10-21T21:27:13,****2809,0
TXN00766,19.02,CVS Pharmacy,"Phoenix, AZ",2025-10-08T06:11:13,****7089,0
TXN00869,146.62,Starbucks,"Dallas, TX",2025-09-26T10:01:13,****1718,0
TXN00953,745.29,Apple Store,"Dallas, TX",2025-09-29T17:18:13,****3776,1
TXN00206,13.37,Walmart,"Houston, TX",2025-10-09T08:56:13,****5847,0
TXN00213,228.38,Shell Gas,"New York, NY",2025-10-03T11:24:13,****2476,0
TXN00668,521.12,Target,"Phoenix, AZ",2025-10-13T10:23:13,****1567,0
TXN00679,222.19,Starbucks,"Chicago, IL",2025-10-16T13:12:13,****6878,0
TXN00936,25.71,McDonald's,"Philadelphia, PA",2025-10-03T04:34:13,****2600,0
TXN00170,17.63,Starbucks,"San Antonio, TX",2025-10-11T12:26:13,****3634,0
TXN00390,22.98,Walmart,"San Antonio, TX",2025-10-05T09:57:13,****5582,0
TXN00776,5.18,Target,"San Jose, CA",2025-10-08T08:07:13,****8029,0
TXN00501,219.04,Walmart,"San Antonio, TX",2025-10-09T11:02:13,****1919,0
TXN00244,200.06,Walmart,"Los Angeles, CA",2025-10-11T08:28:13,****3067,0
TXN00371,56.64,Target,"Austin, TX",2025-10-02T06:54:13,****6531,0
TXN00428,152.79,Costco,"San Diego, CA",2025-10-01T09:01:13,****3198,0
TXN00446,149.08,Target,"Chicago, IL",2025-10-11T05:04:13,****2904,0
TXN00646,36.27,Amazon,"Chicago, IL",2025-09-29T12:30:13,****4792,0
TXN00759,15.07,Apple Store,"San Antonio, TX",2025-09-30T12:24:13,****1417,0
TXN00018,87.48,Best Buy,"Austin, TX",2025-10-06T10:34:13,****8517,0
TXN00812,28.23,Home Depot,"Philadelphia, PA",2025-10-05T08:48:13,****2560,0
TXN00773,140.98,Shell Gas,"Philadelphia, PA",2025-10-01T00:12:13,****1950,0
TXN00802,25.18,Amazon,"Chicago, IL",2025-09-30T08:11:13,****6857,0
TXN00173,48.64,Walmart,"San Antonio, TX",2025-09-24T10:32:13,****9889,0
TXN00328,179.02,Target,"Austin, TX",2025-09-30T15:09:13,****2108,0
TXN00363,46.38,Costco,"San Antonio, TX",2025-09-29T06:59:13,****7730,0
TXN00271,474.33,Costco,"Phoenix, AZ",2025-10-11T14:01:13,****8055,0
TXN00401,5.0,Home Depot,"San Jose, CA",2025-10-03T13:29:13,****8871,0
TXN00153,19.69,Best Buy,"Los Angeles, CA",2025-10-04T05:54:13,****4697,0
TXN00417,559.32,Target,"Los Angeles, CA",2025-10-02T06:17:13,****4972,0
TXN00992,2619.88,Shell Gas,"Dallas, TX",2025-10-04T19:04:13,****3213,1
TXN00442,51.99,Shell Gas,"Dallas, TX",2025-09-26T08:19:13,****5054,0
TXN00218,38.27,Home Depot,"Jacksonville, FL",2025-09-29T23:38:13,****6992,0
TXN00216,170.45,Costco,"San Diego, CA",2025-09-21T04:45:13,****6549,0
TXN00695,132.91,CVS Pharmacy,"Los Angeles, CA",2025-10-14T12:12:13,****3750,0
TXN00274,55.44,McDonald's,"New York, NY",2025-10-07T02:37:13,****6129,0
TXN00471,36.14,McDonald's,"Chicago, IL",2025-10-12T10:44:13,****9813,0
TXN00561,84.32,Home Depot,"Jacksonville, FL",2025-09-26T11:53:13,****2388,0
TXN00840,39.61,Best Buy,"Houston, TX",2025-10-02T06:49:13,****6657,0
TXN00077,62.21,Best Buy,"Houston, TX",2025-09-25T03:10:13,****6000,0
TXN00429,267.1,Chevron,"San Diego, CA",2025-10-13T13:25:13,****6417,0
TXN00148,7.53,CVS Pharmacy,"Chicago, IL",2025-10-01T04:01:13,****2680,0
TXN00973,4796.78,Home Depot,"Kiev, Ukraine",2025-10-06T17:05:13,****4449,1
TXN00747,72.25,Target,"San Jose, CA",2025-09-27T00:38:13,****4626,0
TXN00435,519.85,McDonald's,"Houston, TX",2025-10-07T06:11:13,****5947,0
TXN00090,117.91,Apple Store,"San Jose, CA",2025-10-12T10:39:13,****1006,0
TXN00522,123.35,CVS Pharmacy,"Dallas, TX",2025-09-22T23:17:13,****9537,0
TXN00685,8.73,Starbucks,"New York, NY",2025-10-21T13:47:13,****3320,0
TXN00048,266.58,McDonald's,"New York, NY",2025-10-16T11:08:13,****5345,0
TXN00903,57.0,Chevron,"Phoenix, AZ",2025-10-04T03:58:13,****8734,0
TXN00897,42.49,Costco,"Philadelphia, PA",2025-10-17T07:11:13,****8863,0
TXN00143,5.0,Walmart,"Jacksonville, FL",2025-10-15T11:45:13,****9779,0
TXN00996,2047.48,Online Casino,"New York, NY",2025-09-22T00:01:13,****8816,1
TXN00474,424.25,Target,"San Antonio, TX",2025-10-14T13:11:13,****2295,0
TXN00072,548.43,Starbucks,"Houston, TX",2025-09-30T13:26:13,****6794,0
TXN00823,1717.02,Amazon,"Houston, TX",2025-09-24T09:57:13,****8751,0
TXN00731,73.24,Amazon,"San Antonio, TX",2025-09-23T03:48:13,****4892,0
TXN00981,5457.63,McDonald's,"San Jose, CA",2025-10-01T03:51:13,****9821,1
TXN00179,36.71,Walmart,"San Diego, CA",2025-09-21T13:39:13,****3522,0
TXN00590,15.12,Shell Gas,"Phoenix, AZ",2025-10-11T05:11:13,****9967,0
TXN00979,4508.27,Chevron,"San Diego, CA",2025-10-18T02:04:13,****6483,1
TXN00318,34.28,Chevron,"Philadelphia, PA",2025-10-14T11:27:13,****7142,0
TXN00349,18.58,Amazon,"Chicago, IL",2025-10-19T12:51:13,****7001,0
TXN00947,5.54,Walmart,"Houston, TX",2025-10-05T11:11:13,****1852,0
TXN00122,13.96,Target,"San Diego, CA",2025-09-30T15:19:13,****8619,0
TXN00647,5.0,Chevron,"San Antonio, TX",2025-09-29T04:03:13,****2391,0
TXN00301,15.74,Home Depot,"Jacksonville, FL",2025-09-25T01:49:13,****9624,0
TXN00578,173.52,CVS Pharmacy,"San Jose, CA",2025-10-01T10:53:13,****3281,0
TXN00368,55.64,Starbucks,"Dallas, TX",2025-09-23T12:27:13,****5105,0
TXN00309,124.05,Shell Gas,"San Jose, CA",2025-10-12T05:42:13,****8355,0
TXN00961,3546.11,Cash Advance,"Austin, TX",2025-09-21T09:10:13,****9462,1
TXN00002,44.37,Target,"Jacksonville, FL",2025-10-18T06:35:13,****9935,0
TXN00999,1180.9,Target,Unknown Location,2025-10-14T01:59:13,****5454,1
TXN00194,8.43,Home Depot,"Dallas, TX",2025-10-09T01:52:13,****8994,0
TXN00128,23.35,Apple Store,"New York, NY",2025-10-10T08:50:13,****7071,0
TXN00118,9.46,Costco,"San Antonio, TX",2025-10-13T05:02:13,****1317,0
TXN00004,536.22,Best Buy,"Dallas, TX",2025-10-02T19:20:13,****9928,0
TXN00927,23.61,Target,"Houston, TX",2025-09-25T11:23:13,****3979,0
TXN00408,44.1,Target,"San Diego, CA",2025-09-22T08:58:13,****6804,0
TXN00396,27.01,Apple Store,"Philadelphia, PA",2025-10-16T10:53:13,****5902,0
TXN00922,11.71,Home Depot,"San Antonio, TX",2025-10-21T13:24:13,****3639,0
TXN00623,918.77,Amazon,"Houston, TX",2025-10-19T03:25:13,****8428,0
TXN00315,386.92,Walmart,"Phoenix, AZ",2025-10-19T06:15:13,****8361,0
TXN00490,204.89,Target,"Dallas, TX",2025-10-01T01:59:13,****1554,0
TXN00300,140.39,Costco,"Dallas, TX",2025-10-09T08:11:13,****3093,0
TXN00304,136.4,Best Buy,"Houston, TX",2025-10-17T14:14:13,****2657,0
TXN00592,26.67,Home Depot,"New York, NY",2025-10-20T14:42:13,****8529,0
TXN00115,40.91,Apple Store,"San Jose, CA",2025-09-30T18:51:13,****8022,0
TXN00777,18.34,Shell Gas,"San Antonio, TX",2025-10-21T18:20:13,****7112,0
TXN00250,100.23,Home Depot,"Phoenix, AZ",2025-10-10T01:49:13,****8770,0
TXN00619,112.34,Walmart,"Austin, TX",2025-10-04T09:23:13,****5546,0
TXN00794,8.04,Chevron,"Houston, TX",2025-10-10T07:14:13,****3627,0
TXN00108,70.94,Shell Gas,"San Antonio, TX",2025-10-20T13:06:13,****7381,0
TXN00959,2143.74,McDonald's,"San Jose, CA",2025-09-27T18:17:13,****6565,1
TXN00456,16.62,Target,"Austin, TX",2025-09-24T12:21:13,****9802,0
TXN00894,315.43,Starbucks,"San Jose, CA",2025-09-30T11:55:13,****3496,0
TXN00905,72.72,Target,"San Diego, CA",2025-10-05T10:07:13,****6961,0
TXN00038,5.0,Amazon,"Los Angeles, CA",2025-09-29T08:18:13,****2104,0
TXN00669,5.0,Apple Store,"San Jose, CA",2025-10-02T13:14:13,****9173,0
TXN00612,50.23,Costco,"Austin, TX",2025-10-20T05:42:13,****4921,0
TXN00394,851.66,Amazon,"Chicago, IL",2025-09-29T12:02:13,****9508,0
TXN00145,80.63,CVS Pharmacy,"San Jose, CA",2025-09-27T09:14:13,****2647,0
TXN00277,73.6,Apple Store,"San Diego, CA",2025-09-25T07:09:13,****2443,0
TXN00878,76.38,Amazon,"San Antonio, TX",2025-09-30T14:32:13,****2036,0
TXN00757,114.43,Costco,"Phoenix, AZ",2025-10-01T06:35:13,****5895,0
TXN00466,39.19,Apple Store,"San Jose, CA",2025-09-27T07:12:13,****4881,0
TXN00284,8.53,Shell Gas,"San Jose, CA",2025-09-27T08:49:13,****6295,0
TXN00486,6.47,Costco,"Chicago, IL",2025-10-15T12:08:13,****5026,0
TXN00355,53.06,Best Buy,"San Jose, CA",2025-10-12T07:01:13,****4279,0
TXN00791,104.0,Home Depot,"Los Angeles, CA",2025-09-30T08:53:13,****3247,0
TXN00551,62.17,Amazon,"Philadelphia, PA",2025-10-01T14:41:13,****3692,0
TXN00492,502.66,Home Depot,"Houston, TX",2025-10-19T07:32:13,****4583,0
TXN00566,29.6,Chevron,"Chicago, IL",2025-10-06T12:21:13,****6154,0
TXN01000,2015.68,Chevron,"Phoenix, AZ",2025-10-15T17:38:13,****2121,1
TXN00846,114.28,Home Depot,"New York, NY",2025-10-15T11:42:13,****3636,0
TXN00965,778.98,Best Buy,"Houston, TX",2025-10-10T17:23:13,****2747,1
TXN00135,13.75,Amazon,"San Diego, CA",2025-09-24T12:01:13,****4475,0
TXN00915,47.33,Chevron,"Phoenix, AZ",2025-10-09T01:18:13,****9460,0
TXN00656,59.67,Home Depot,"Phoenix, AZ",2025-09-25T06:54:13,****1660,0
TXN00366,29.91,Target,"San Antonio, TX",2025-10-05T03:29:13,****3034,0
TXN00324,1259.64,Best Buy,"Phoenix, AZ",2025-10-18T17:06:13,****8489,0
TXN00432,5.0,Target,"San Jose, CA",2025-09-24T08:07:13,****8007,0
TXN00030,35.25,Amazon,"Los Angeles, CA",2025-09-22T10:39:13,****6038,0
TXN00835,51.83,McDonald's,"Austin, TX",2025-10-02T08:12:13,****9259,0
TXN00693,10.79,Target,"San Jose, CA",2025-10-11T02:53:13,****4619,0
TXN00188,48.95,Starbucks,"Jacksonville, FL",2025-10-06T06:41:13,****7246,0
TXN00477,129.65,Walmart,"Houston, TX",2025-09-26T05:46:13,****4555,0
TXN00721,86.63,Chevron,"San Jose, CA",2025-09-23T08:56:13,****3415,0
TXN00507,22.45,Amazon,"Houston, TX",2025-10-03T13:40:13,****7525,0
TXN00762,65.56,Starbucks,"Jacksonville, FL",2025-09-29T12:58:13,****8794,0
TXN00842,150.24,Chevron,"Jacksonville, FL",2025-10-01T12:25:13,****6771,0
TXN00861,74.02,Shell Gas,"San Jose, CA",2025-10-04T10:42:13,****6207,0
TXN00546,16.52,Target,"Philadelphia, PA",2025-10-21T10:14:13,****7815,0
TXN00954,5518.18,Amazon,"Chicago, IL",2025-10-13T19:43:13,****7544,1
TXN00785,126.43,CVS Pharmacy,"New York, NY",2025-10-03T10:25:13,****7006,0
TXN00516,169.54,CVS Pharmacy,"Austin, TX",2025-10-17T06:12:13,****6909,0
TXN00798,151.75,Walmart,"Jacksonville, FL",2025-09-28T15:16:13,****4787,0
TXN00916,82.97,McDonald's,"Philadelphia, PA",2025-09-25T04:01:13,****8898,0
TXN00600,96.15,Amazon,"New York, NY",2025-09-29T12:25:13,****7919,0
TXN00549,95.27,Starbucks,"San Diego, CA",2025-10-18T09:48:13,****8412,0
TXN00935,105.64,Amazon,"Jacksonville, FL",2025-10-05T10:41:13,****8899,0
TXN00231,18.26,Amazon,"San Antonio, TX",2025-10-13T13:25:13,****8450,0
TXN00166,101.41,Best Buy,"Austin, TX",2025-09-25T04:55:13,****1339,0
TXN00505,20.57,Costco,"New York, NY",2025-09-22T15:33:13,****5593,0
TXN00804,27.29,Starbucks,"Chicago, IL",2025-10-18T11:03:13,****5453,0
TXN00727,56.13,McDonald's,"Los Angeles, CA",2025-10-08T13:56:13,****2641,0
TXN00962,7905.73,Chevron,"Houston, TX",2025-10-19T13:07:13,****6603,1
TXN00606,911.59,Home Depot,"Jacksonville, FL",2025-10-17T02:53:13,****8248,0
TXN00602,13.69,CVS Pharmacy,"Los Angeles, CA",2025-10-18T11:36:13,****5902,0
TXN00047,27.36,Walmart,"Houston, TX",2025-10-16T11:02:13,****4502,0
TXN00296,19.31,Walmart,"Philadelphia, PA",2025-10-18T09:08:13,****5655,0
TXN00238,72.22,Apple Store,"Philadelphia, PA",2025-10-21T14:29:13,****3076,0
TXN00503,6.7,Home Depot,"Philadelphia, PA",2025-10-03T00:26:13,****9653,0
TXN00447,94.62,Home Depot,"Houston, TX",2025-09-29T09:27:13,****9361,0
TXN00582,29.28,Target,"San Antonio, TX",2025-09-22T16:15:13,****3078,0
TXN00151,79.5,Walmart,"San Antonio, TX",2025-10-06T15:52:13,****1878,0
TXN00513,38.15,Best Buy,"Philadelphia, PA",2025-10-04T02:05:13,****4043,0
TXN00086,25.72,Starbucks,"San Antonio, TX",2025-10-19T01:34:13,****6409,0
TXN00713,24.11,Shell Gas,"San Diego, CA",2025-09-23T08:27:13,****9914,0
TXN00147,8.54,CVS Pharmacy,"Dallas, TX",2025-10-17T12:29:13,****5786,0
TXN00360,15.79,Starbucks,"Dallas, TX",2025-10-14T14:20:13,****3275,0
TXN00899,333.54,Target,"Austin, TX",2025-10-02T15:15:13,****3293,0
TXN00226,279.62,Shell Gas,"Philadelphia, PA",2025-09-30T01:48:13,****9850,0
TXN00995,1224.19,Costco,"Chicago, IL",2025-10-21T19:32:13,****9574,1
TXN00613,83.09,Shell Gas,"San Antonio, TX",2025-10-18T12:52:13,****2163,0
TXN00026,64.48,Walmart,"Phoenix, AZ",2025-10-08T14:32:13,****5315,0
TXN00265,37.38,Amazon,"Chicago, IL",2025-10-16T06:29:13,****2336,0
TXN00770,827.72,Chevron,"Phoenix, AZ",2025-10-08T15:38:13,****3470,0
TXN00730,16.99,Amazon,"Chicago, IL",2025-10-13T10:53:13,****7581,0
TXN00455,24.65,McDonald's,"Los Angeles, CA",2025-09-30T00:37:13,****9835,0
TXN00560,29.04,Apple Store,"Los Angeles, CA",2025-10-10T11:03:13,****3826,0
TXN00978,902.73,Apple Store,"New York, NY",2025-10-18T17:48:13,****3676,1
TXN00266,8.4,Costco,"San Diego, CA",2025-09-30T10:54:13,****8242,0
TXN00904,371.55,Home Depot,"Chicago, IL",2025-10-10T10:35:13,****5767,0
TXN00667,37.25,Amazon,"San Antonio, TX",2025-09-30T11:10:13,****4517,0
TXN00234,20.54,Walmart,"Dallas, TX",2025-10-15T08:40:13,****4817,0
TXN00232,75.54,Walmart,"Austin, TX",2025-10-15T07:54:13,****1349,0
TXN00469,24.64,Home Depot,"Austin, TX",2025-10-08T09:29:13,****6642,0
TXN00659,73.49,Amazon,"San Antonio, TX",2025-09-24T09:45:13,****5093,0
TXN00792,74.55,McDonald's,"Los Angeles, CA",2025-10-05T07:25:13,****5631,0
TXN00379,1457.83,McDonald's,"Chicago, IL",2025-09-27T10:57:13,****2739,0
TXN00275,12.53,Apple Store,"San Antonio, TX",2025-10-03T10:52:13,****7843,0
TXN00293,22.55,CVS Pharmacy,"San Diego, CA",2025-10-07T08:53:13,****3600,0
TXN00413,5.47,Costco,"Los Angeles, CA",2025-10-03T07:08:13,****7464,0
TXN00161,12.65,McDonald's,"Los Angeles, CA",2025-10-04T13:23:13,****5352,0
TXN00518,12.6,Costco,"Los Angeles, CA",2025-10-17T15:05:13,****8353,0
TXN00836,77.58,McDonald's,"San Antonio, TX",2025-10-02T02:44:13,****5067,0
TXN00208,118.0,Costco,"New York, NY",2025-10-03T04:43:13,****1803,0
TXN00782,7.37,CVS Pharmacy,"Dallas, TX",2025-10-02T09:05:13,****3192,0
TXN00694,137.54,Home Depot,"San Jose, CA",2025-10-18T02:23:13,****6425,0
TXN00448,13.33,Shell Gas,"New York, NY",2025-10-07T14:06:13,****8484,0
TXN00167,187.37,Home Depot,"Phoenix, AZ",2025-10-03T17:44:13,****3870,0
TXN00439,5.0,CVS Pharmacy,"Los Angeles, CA",2025-10-01T03:14:13,****7021,0
TXN00225,26.9,Walmart,"Los Angeles, CA",2025-10-14T04:24:13,****7367,0
TXN00091,63.16,Costco,"Phoenix, AZ",2025-10-15T10:55:13,****6279,0
TXN00034,11.17,Costco,"Dallas, TX",2025-09-24T08:19:13,****9835,0
TXN00980,1210.69,Chevron,"Dallas, TX",2025-10-10T19:31:13,****7746,1
TXN00384,24.81,Costco,"San Diego, CA",2025-10-21T15:07:13,****9281,0
TXN00520,168.52,Starbucks,"Dallas, TX",2025-10-19T08:42:13,****6315,0
TXN00380,16.24,Starbucks,"Houston, TX",2025-10-07T14:04:13,****5061,0
TXN00476,37.58,Amazon,"Phoenix, AZ",2025-10-09T06:54:13,****1647,0
TXN00008,172.63,Apple Store,"Phoenix, AZ",2025-09-26T17:03:13,****9785,0
TXN00210,2000.0,Best Buy,"San Jose, CA",2025-09-26T10:52:13,****4115,0
TXN00914,581.83,Home Depot,"San Antonio, TX",2025-10-10T08:35:13,****2275,0
TXN00425,143.75,McDonald's,"Chicago, IL",2025-09-22T02:39:13,****7504,0
TXN00768,777.59,Amazon,"Austin, TX",2025-10-03T08:53:13,****2166,0
TXN00084,25.09,Costco,"New York, NY",2025-09-29T09:59:13,****9821,0
TXN00530,14.06,Shell Gas,"Philadelphia, PA",2025-10-16T01:12:13,****5775,0
TXN00243,116.45,McDonald's,"San Antonio, TX",2025-09-30T14:47:13,****8267,0
TXN00252,216.33,CVS Pharmacy,"Jacksonville, FL",2025-10-10T04:57:13,****1982,0
TXN00421,1201.25,McDonald's,"Austin, TX",2025-09-22T04:02:13,****8822,0
TXN00873,6.9,Walmart,"Houston, TX",2025-10-04T04:36:13,****8130,0
TXN00818,207.36,McDonald's,"Houston, TX",2025-10-19T09:41:13,****8341,0
TXN00241,16.63,Best Buy,"San Jose, CA",2025-10-20T06:34:13,****9543,0
TXN00711,74.93,Best Buy,"Los Angeles, CA",2025-10-21T12:52:13,****5781,0
TXN00258,18.89,McDonald's,"Dallas, TX",2025-09-27T04:53:13,****1430,0
TXN00765,306.1,Home Depot,"Philadelphia, PA",2025-10-01T15:10:13,****4659,0
TXN00788,108.72,Home Depot,"New York, NY",2025-10-20T07:06:13,****8279,0
TXN00829,29.07,Best Buy,"San Diego, CA",2025-09-25T05:47:13,****6536,0
TXN00863,556.27,Target,"San Antonio, TX",2025-10-04T09:27:13,****6724,0
TXN00509,58.72,Home Depot,"Dallas, TX",2025-10-11T10:45:13,****3292,0
TXN00342,78.69,Costco,"Los Angeles, CA",2025-09-28T11:05:13,****3956,0
TXN00344,25.52,Costco,"San Diego, CA",2025-10-02T07:22:13,****8272,0
TXN00680,367.72,Apple Store,"New York, NY",2025-09-29T06:56:13,****3328,0
TXN00462,57.56,Best Buy,"Houston, TX",2025-10-19T15:30:13,****8314,0
TXN00350,39.64,Starbucks,"San Antonio, TX",2025-09-21T08:54:13,****3513,0
TXN00291,39.96,Chevron,"Chicago, IL",2025-09-21T16:26:13,****6626,0
TXN00311,39.39,Best Buy,"Philadelphia, PA",2025-09-30T02:04:13,****8564,0
TXN00137,16.86,Chevron,"New York, NY",2025-10-05T02:27:13,****4954,0
TXN00316,56.35,Chevron,"Chicago, IL",2025-09-25T09:34:13,****4637,0
TXN00874,18.24,Home Depot,"Los Angeles, CA",2025-09-28T07:31:13,****8523,0
TXN00738,238.42,Chevron,"Philadelphia, PA",2025-09-25T15:42:13,****3604,0
TXN00696,34.32,Home Depot,"Los Angeles, CA",2025-09-25T06:52:13,****6500,0
TXN00608,8.44,Apple Store,"Jacksonville, FL",2025-10-09T11:05:13,****6152,0
TXN00055,256.34,Apple Store,"Los Angeles, CA",2025-10-08T07:56:13,****9565,0
TXN00637,187.68,Target,"Houston, TX",2025-09-26T10:30:13,****7568,0
TXN00415,89.88,Starbucks,"San Diego, CA",2025-10-01T13:02:13,****4505,0
TXN00141,76.8,Shell Gas,"Dallas, TX",2025-10-05T11:45:13,****6419,0
TXN00593,112.0,Amazon,"Los Angeles, CA",2025-09-22T05:04:13,****8479,0
TXN00587,27.41,Shell Gas,"San Diego, CA",2025-10-11T08:37:13,****2526,0
TXN00985,3553.78,Home Depot,"Houston, TX",2025-10-11T11:51:13,****5773,1
TXN00211,128.55,Apple Store,"Phoenix, AZ",2025-09-30T05:43:13,****3240,0
TXN00212,299.87,Home Depot,"Los Angeles, CA",2025-09-23T08:30:13,****6061,0
TXN00164,15.94,Costco,"Dallas, TX",2025-10-04T10:27:13,****1653,0
TXN00419,320.2,Amazon,"Los Angeles, CA",2025-10-08T12:02:13,****2647,0
TXN00630,281.83,Shell Gas,"San Diego, CA",2025-10-05T11:01:13,****3734,0
TXN00372,115.24,Apple Store,"New York, NY",2025-09-25T05:27:13,****1744,0
TXN00670,280.69,McDonald's,"Dallas, TX",2025-10-06T16:15:13,****7275,0
TXN00061,26.61,CVS Pharmacy,"Phoenix, AZ",2025-10-01T23:41:13,****9666,0
TXN00800,57.09,Amazon,"Phoenix, AZ",2025-10-10T05:12:13,****7979,0
TXN00286,5.0,Home Depot,"Phoenix, AZ",2025-09-26T12:29:13,****6766,0
TXN00479,2000.0,Best Buy,"Houston, TX",2025-09-21T05:45:13,****8846,0
TXN00911,34.41,Shell Gas,"San Diego, CA",2025-09-23T16:51:13,****6309,0
TXN00436,61.02,Apple Store,"Jacksonville, FL",2025-10-03T20:51:13,****6890,0
TXN00774,234.82,Amazon,"San Diego, CA",2025-10-13T12:43:13,****3762,0
TXN00481,45.07,Chevron,"Philadelphia, PA",2025-09-27T12:03:13,****9743,0
TXN00075,5.0,McDonald's,"Austin, TX",2025-09-24T06:17:13,****5371,0
TXN00221,1758.1,Home Depot,"Philadelphia, PA",2025-10-18T07:02:13,****1410,0
TXN00070,20.75,Chevron,"New York, NY",2025-09-25T10:57:13,****3426,0
TXN00810,14.27,Walmart,"San Antonio, TX",2025-10-07T17:16:13,****6148,0
TXN00362,544.09,Shell Gas,"Dallas, TX",2025-10-17T08:27:13,****2077,0
TXN00541,191.24,Home Depot,"Austin, TX",2025-10-10T13:53:13,****1725,0
TXN00990,7583.83,Unknown Merchant,"Phoenix, AZ",2025-10-14T14:45:13,****5655,1
TXN00388,910.74,Costco,"Jacksonville, FL",2025-10-10T06:09:13,****1741,0
TXN00822,452.15,Chevron,"Houston, TX",2025-10-01T07:11:13,****6953,0
TXN00433,36.45,Chevron,"Philadelphia, PA",2025-10-19T11:26:13,****4027,0
TXN00598,12.58,McDonald's,"Austin, TX",2025-10-19T07:32:13,****4496,0
TXN00298,86.57,Starbucks,"Los Angeles, CA",2025-10-03T07:34:13,****6731,0
TXN00411,158.76,Best Buy,"Phoenix, AZ",2025-09-27T12:19:13,****9011,0
TXN00589,189.71,Chevron,"San Antonio, TX",2025-10-15T00:40:13,****4470,0
TXN00106,100.09,Walmart,"Chicago, IL",2025-10-17T12:48:13,****3503,0
TXN00068,245.99,CVS Pharmacy,"San Diego, CA",2025-10-04T06:57:13,****1158,0
TXN00278,22.19,McDonald's,"Los Angeles, CA",2025-10-14T10:07:13,****9584,0
TXN00230,151.32,Starbucks,"Los Angeles, CA",2025-09-30T10:35:13,****6876,0
TXN00169,37.79,Apple Store,"San Antonio, TX",2025-10-01T05:27:13,****8700,0
TXN00651,874.31,CVS Pharmacy,"Jacksonville, FL",2025-10-11T12:15:13,****4827,0
TXN00529,80.61,McDonald's,"Austin, TX",2025-10-02T14:12:13,****4290,0
TXN00219,26.36,Walmart,"San Antonio, TX",2025-10-21T13:25:13,****8451,0
TXN00079,62.65,Costco,"Los Angeles, CA",2025-09-21T06:10:13,****9346,0
TXN00294,195.27,Starbucks,"Philadelphia, PA",2025-09-22T12:06:13,****6543,0
TXN00601,169.95,CVS Pharmacy,"Chicago, IL",2025-10-06T16:08:13,****2463,0
TXN00737,80.16,Shell Gas,"Houston, TX",2025-09-22T04:45:13,****8937,0
TXN00117,51.83,Best Buy,"San Diego, CA",2025-10-11T11:36:13,****7211,0
TXN00521,5.0,McDonald's,"New York, NY",2025-10-12T10:43:13,****2387,0
TXN00684,113.76,Starbucks,"San Jose, CA",2025-10-15T05:11:13,****3907,0
TXN00314,184.98,Starbucks,"Dallas, TX",2025-09-22T14:38:13,****9452,0
TXN00348,6.61,Amazon,"Chicago, IL",2025-09-24T07:42:13,****8179,0
TXN00267,631.83,McDonald's,"Phoenix, AZ",2025-10-15T06:25:13,****6655,0
TXN00543,120.87,McDonald's,"Los Angeles, CA",2025-10-21T15:18:13,****9366,0
TXN00735,255.63,Target,"Phoenix, AZ",2025-09-28T09:40:13,****6257,0
TXN00764,47.27,Costco,"Los Angeles, CA",2025-10-06T14:16:13,****3999,0
TXN00844,96.89,Home Depot,"Jacksonville, FL",2025-09-23T05:14:13,****7920,0
TXN00337,15.83,Costco,"Dallas, TX",2025-10-08T23:58:13,****8756,0
TXN00692,310.75,CVS Pharmacy,"San Jose, CA",2025-10-09T04:43:13,****1530,0
TXN00175,82.68,Home Depot,"San Diego, CA",2025-09-27T16:15:13,****9998,0
TXN00078,34.87,Best Buy,"Houston, TX",2025-10-21T08:07:13,****6378,0
TXN00527,5.0,Shell Gas,"Los Angeles, CA",2025-10-17T12:07:13,****6443,0
TXN00144,72.02,CVS Pharmacy,"Chicago, IL",2025-10-15T13:02:13,****5530,0
TXN00285,1338.83,Home Depot,"Philadelphia, PA",2025-10-17T10:02:13,****8245,0
TXN00888,31.85,Target,"Chicago, IL",2025-10-14T08:16:13,****4183,0
TXN00418,64.94,Amazon,"Austin, TX",2025-09-23T08:52:13,****4814,0
TXN00478,87.08,Shell Gas,"Houston, TX",2025-09-24T04:13:13,****1251,0
TXN00132,60.51,Apple Store,"Dallas, TX",2025-09-27T10:05:13,****5397,0
TXN00430,5.0,Target,"Jacksonville, FL",2025-10-07T07:47:13,****4050,0
TXN00032,878.68,CVS Pharmacy,"San Diego, CA",2025-09-25T15:44:13,****9727,0
TXN00416,17.77,Best Buy,"Dallas, TX",2025-10-13T02:48:13,****5450,0
TXN00827,583.68,Shell Gas,"Chicago, IL",2025-09-25T06:46:13,****7704,0
TXN00826,483.03,Chevron,"Dallas, TX",2025-10-10T07:30:13,****3689,0
TXN00121,178.85,Best Buy,"Houston, TX",2025-09-25T20:23:13,****4908,0
TXN00970,4315.96,Starbucks,Unknown Location,2025-09-29T18:59:13,****8537,1
TXN00321,63.15,CVS Pharmacy,"Chicago, IL",2025-09-27T07:04:13,****1086,0
TXN00182,15.09,Best Buy,"San Jose, CA",2025-10-05T06:24:13,****2143,0
TXN00181,139.56,Shell Gas,"San Diego, CA",2025-10-14T10:23:13,****7284,0
TXN00966,9441.32,Online Casino,"San Jose, CA",2025-09-27T21:38:13,****9871,1
TXN00616,66.28,Walmart,"New York, NY",2025-10-03T16:16:13,****4534,0
TXN00473,5.62,Shell Gas,"New York, NY",2025-10-04T11:06:13,****9683,0
TXN00607,17.1,Best Buy,"Los Angeles, CA",2025-09-23T14:44:13,****3017,0
TXN00382,22.22,Best Buy,"Chicago, IL",2025-09-25T11:56:13,****6123,0
TXN00202,126.62,Shell Gas,"Phoenix, AZ",2025-09-30T20:41:13,****8622,0
TXN00251,8.24,Walmart,"Los Angeles, CA",2025-09-25T15:05:13,****2582,0
TXN00690,106.31,Best Buy,"Austin, TX",2025-10-03T05:08:13,****6026,0
TXN00748,17.58,Home Depot,"Houston, TX",2025-09-30T12:51:13,****7709,0
TXN00631,5.0,Starbucks,"Chicago, IL",2025-10-13T05:35:13,****2889,0
TXN00127,12.36,CVS Pharmacy,"Phoenix, AZ",2025-09-24T06:41:13,****2983,0
TXN00021,492.0,Starbucks,"Houston, TX",2025-10-17T10:27:13,****1771,0
TXN00884,261.45,Amazon,"Dallas, TX",2025-09-24T09:25:13,****1684,0
TXN00940,23.43,Walmart,"Dallas, TX",2025-10-21T11:19:13,****6175,0
TXN00288,131.96,Starbucks,"Phoenix, AZ",2025-10-19T07:38:13,****2479,0
TXN00235,1360.92,Starbucks,"Chicago, IL",2025-09-26T04:32:13,****5542,0
TXN00830,35.78,Walmart,"San Antonio, TX",2025-10-20T02:39:13,****3018,0
TXN00926,5.56,Walmart,"Houston, TX",2025-10-07T08:02:13,****8891,0
TXN00096,6.08,Shell Gas,"San Antonio, TX",2025-09-23T08:20:13,****7291,0
TXN00533,49.45,Walmart,"San Jose, CA",2025-10-15T08:58:13,****3947,0
TXN00783,96.57,Starbucks,"San Diego, CA",2025-10-10T06:22:13,****7609,0
TXN00900,16.03,Chevron,"Houston, TX",2025-10-13T05:52:13,****2252,0
TXN00444,47.77,Chevron,"Jacksonville, FL",2025-10-10T14:56:13,****2838,0
TXN00525,17.38,McDonald's,"Phoenix, AZ",2025-10-06T06:09:13,****5123,0
TXN00895,434.08,Apple Store,"San Jose, CA",2025-10-10T05:05:13,****3762,0
TXN00571,56.13,Costco,"New York, NY",2025-10-13T13:14:13,****3755,0
TXN00364,99.74,McDonald's,"San Jose, CA",2025-10-19T14:12:13,****2215,0
TXN00663,51.98,Apple Store,"San Jose, CA",2025-10-13T03:28:13,****1357,0
TXN00710,695.54,Amazon,"San Antonio, TX",2025-10-19T11:50:13,****8869,0
TXN00119,303.15,CVS Pharmacy,"Dallas, TX",2025-10-19T23:10:13,****4673,0
TXN00709,5.0,Apple Store,"Dallas, TX",2025-09-25T10:29:13,****6911,0
TXN00618,162.17,Home Depot,"Jacksonville, FL",2025-10-05T06:05:13,****7590,0
TXN00767,51.81,Costco,"San Jose, CA",2025-10-12T10:25:13,****8709,0
TXN00664,24.16,Walmart,"Houston, TX",2025-09-23T07:41:13,****3110,0
TXN00535,20.54,Shell Gas,"Phoenix, AZ",2025-09-25T06:40:13,****7703,0
TXN00499,14.68,McDonald's,"San Diego, CA",2025-10-03T12:48:13,****4700,0
TXN00526,5.0,Best Buy,"Jacksonville, FL",2025-10-01T09:53:13,****4203,0
TXN00609,5.0,Target,"Houston, TX",2025-10-13T08:17:13,****5668,0
TXN00689,158.61,Home Depot,"Philadelphia, PA",2025-10-16T06:57:13,****6846,0
TXN00338,33.71,Costco,"New York, NY",2025-09-27T08:14:13,****6848,0
TXN00468,170.08,Costco,"New York, NY",2025-10-04T01:36:13,****3869,0
TXN00437,628.24,CVS Pharmacy,"Houston, TX",2025-10-20T07:03:13,****6026,0
TXN00617,64.33,Amazon,"New York, NY",2025-09-21T06:00:13,****5693,0
TXN00484,74.08,Best Buy,"Philadelphia, PA",2025-10-11T10:56:13,****4625,0
TXN00955,2075.05,McDonald's,"San Jose, CA",2025-10-05T20:32:13,****2124,1
TXN00199,59.58,Best Buy,"Dallas, TX",2025-10-08T08:42:13,****3950,0
TXN00925,327.85,Apple Store,"San Jose, CA",2025-10-01T19:46:13,****5644,0
TXN00005,38.43,McDonald's,"Houston, TX",2025-10-07T08:41:13,****1106,0
TXN00336,43.79,Best Buy,"New York, NY",2025-09-26T13:30:13,****6170,0
TXN00627,12.37,Target,"Philadelphia, PA",2025-10-17T05:37:13,****5403,0
TXN00028,95.92,Home Depot,"Dallas, TX",2025-10-02T13:09:13,****3646,0
TXN00704,6.6,Chevron,"Los Angeles, CA",2025-10-11T08:53:13,****8909,0
TXN00317,151.86,Shell Gas,"Philadelphia, PA",2025-09-22T19:29:13,****7495,0
TXN00807,76.19,Walmart,"San Antonio, TX",2025-09-22T08:41:13,****8178,0
TXN00558,28.54,Starbucks,"Houston, TX",2025-10-07T14:50:13,****9019,0
TXN00103,32.65,Shell Gas,"Phoenix, AZ",2025-09-27T12:52:13,****5543,0
TXN00146,176.4,Best Buy,"Phoenix, AZ",2025-10-14T11:13:13,****1231,0
TXN00031,22.14,Best Buy,"New York, NY",2025-10-14T04:27:13,****2403,0
TXN00528,58.68,Apple Store,"San Antonio, TX",2025-09-26T05:04:13,****6484,0
TXN00131,5.33,CVS Pharmacy,"Chicago, IL",2025-10-08T13:59:13,****5425,0
TXN00910,1400.92,Home Depot,"Houston, TX",2025-10-05T04:09:13,****7358,0
TXN00876,805.8,Costco,"Dallas, TX",2025-10-19T09:18:13,****5237,0
TXN00588,15.26,CVS Pharmacy,"San Diego, CA",2025-10-01T08:10:13,****2037,0
TXN00843,10.13,Chevron,"San Diego, CA",2025-10-03T08:50:13,****7839,0
TXN00299,184.8,Costco,"Austin, TX",2025-09-29T08:24:13,****2388,0
TXN00988,4474.0,Unknown Merchant,"Los Angeles, CA",2025-10-19T18:33:13,****8752,1
TXN00879,53.27,CVS Pharmacy,"San Jose, CA",2025-10-20T07:28:13,****6860,0
TXN00909,143.77,Shell Gas,"Houston, TX",2025-10-19T13:18:13,****1701,0
TXN00358,35.41,CVS Pharmacy,"Los Angeles, CA",2025-10-04T08:35:13,****5914,0
TXN00841,50.69,Home Depot,"Chicago, IL",2025-09-29T08:21:13,****9255,0
TXN00720,50.13,Shell Gas,"Phoenix, AZ",2025-10-19T10:38:13,****1568,0
TXN00374,230.19,Apple Store,"Austin, TX",2025-10-21T09:52:13,****9938,0
TXN00319,88.79,Best Buy,"New York, NY",2025-10-11T02:39:13,****6493,0
TXN00248,20.49,McDonald's,"San Diego, CA",2025-09-23T13:11:13,****8430,0
TXN00281,64.73,Chevron,"Houston, TX",2025-09-23T06:10:13,****3419,0
TXN00907,7.1,Chevron,"Chicago, IL",2025-10-07T13:56:13,****3395,0
TXN00665,18.74,Walmart,"Philadelphia, PA",2025-10-18T17:03:13,****1829,0
TXN00268,6.39,McDonald's,"Los Angeles, CA",2025-10-12T06:55:13,****8972,0
TXN00280,30.63,Starbucks,"Chicago, IL",2025-10-19T10:25:13,****9693,0
TXN00209,118.22,Apple Store,"Jacksonville, FL",2025-10-06T04:35:13,****5689,0
TXN00217,17.13,Walmart,"San Diego, CA",2025-09-21T14:44:13,****4696,0
TXN00215,34.03,Chevron,"Philadelphia, PA",2025-10-05T10:15:13,****3695,0
TXN00340,23.44,McDonald's,"San Antonio, TX",2025-09-28T10:08:13,****6554,0
TXN00024,6.44,Costco,"Dallas, TX",2025-09-24T01:49:13,****2876,0
TXN00483,5.0,Shell Gas,"Los Angeles, CA",2025-09-26T00:02:13,****6246,0
TXN00963,6881.86,Starbucks,"San Diego, CA",2025-10-10T12:19:13,****5408,1
TXN00875,51.95,CVS Pharmacy,"Philadelphia, PA",2025-10-20T15:29:13,****3916,0
TXN00952,3381.31,Online Casino,"New York, NY",2025-09-24T15:50:13,****9489,1
TXN00352,499.21,Apple Store,"Chicago, IL",2025-10-05T11:12:13,****5566,0
TXN00015,5.0,Shell Gas,"San Antonio, TX",2025-10-12T23:52:13,****4598,0
TXN00295,93.27,Home Depot,"San Jose, CA",2025-10-20T05:51:13,****6482,0
TXN00576,5.0,Costco,"New York, NY",2025-10-07T12:37:13,****2425,0
TXN00554,79.97,Home Depot,"Chicago, IL",2025-10-16T08:05:13,****7481,0
TXN00629,59.36,Costco,"Dallas, TX",2025-10-19T12:56:13,****2262,0
TXN00983,4459.2,Unknown Merchant,Offshore,2025-10-07T12:52:13,****3373,1
TXN00643,36.99,McDonald's,"New York, NY",2025-10-14T08:52:13,****1157,0
TXN00994,2744.98,Shell Gas,"Dallas, TX",2025-09-26T20:27:13,****8239,1
TXN00383,5.0,Best Buy,"Chicago, IL",2025-10-05T23:03:13,****9171,0
TXN00205,6.91,Shell Gas,"Phoenix, AZ",2025-10-14T22:38:13,****8916,0
TXN00240,196.1,Shell Gas,"Philadelphia, PA",2025-10-05T09:04:13,****9254,0
TXN00046,18.55,Shell Gas,"Dallas, TX",2025-10-18T15:58:13,****1241,0
TXN00452,228.77,Chevron,"New York, NY",2025-09-22T03:33:13,****8734,0
TXN00951,3108.43,Crypto Exchange,"Kiev, Ukraine",2025-09-20T23:54:13,****1941,1
TXN00453,12.45,Amazon,"Phoenix, AZ",2025-10-08T14:24:13,****7887,0
TXN00359,88.6,Target,"Jacksonville, FL",2025-09-29T02:52:13,****3852,0
TXN00174,91.08,Shell Gas,"San Antonio, TX",2025-10-20T13:09:13,****9167,0
TXN00877,25.12,McDonald's,"San Antonio, TX",2025-10-07T08:05:13,****6183,0
TXN00025,24.13,Home Depot,"Dallas, TX",2025-09-27T11:51:13,****6573,0
TXN00353,197.65,Best Buy,"Los Angeles, CA",2025-10-21T06:01:13,****9482,0
TXN00933,6.22,Chevron,"Los Angeles, CA",2025-10-19T10:24:13,****9835,0
TXN00196,97.32,Best Buy,"Jacksonville, FL",2025-10-19T10:26:13,****2646,0
TXN00604,417.15,Home Depot,"Austin, TX",2025-10-17T15:56:13,****1138,0
TXN00375,1379.91,Costco,"Austin, TX",2025-09-21T12:17:13,****7653,0
TXN00434,160.18,Target,"San Diego, CA",2025-10-11T02:32:13,****5272,0
TXN00424,234.48,Chevron,"Jacksonville, FL",2025-09-28T05:30:13,****3868,0
TXN00893,270.43,Apple Store,"Los Angeles, CA",2025-09-23T13:01:13,****8383,0
TXN00868,90.17,McDonald's,"Phoenix, AZ",2025-10-04T07:31:13,****9468,0
TXN00671,353.94,Target,"San Antonio, TX",2025-10-15T07:41:13,****9614,0
TXN00740,250.02,Apple Store,"New York, NY",2025-10-16T12:39:13,****4288,0
TXN00723,7.23,Best Buy,"Chicago, IL",2025-10-20T10:49:13,****8133,0
TXN00946,10.97,Home Depot,"Los Angeles, CA",2025-09-28T12:42:13,****3650,0
TXN00880,324.6,Chevron,"Los Angeles, CA",2025-10-12T06:13:13,****2417,0
TXN00253,1317.16,Apple Store,"Dallas, TX",2025-10-04T12:25:13,****7730,0
TXN00595,258.87,Home Depot,"Phoenix, AZ",2025-10-16T03:36:13,****5489,0
TXN00201,93.38,Shell Gas,"San Jose, CA",2025-10-17T12:52:13,****5161,0
TXN00405,27.8,CVS Pharmacy,"Houston, TX",2025-10-08T09:53:13,****8726,0
TXN00681,161.18,Apple Store,"Houston, TX",2025-09-24T23:36:13,****9064,0
TXN00203,277.15,Costco,"Austin, TX",2025-10-04T14:04:13,****6661,0
TXN00902,30.26,Apple Store,"San Jose, CA",2025-10-09T06:19:13,****1600,0
TXN00652,295.85,Walmart,"Houston, TX",2025-10-17T05:55:13,****2785,0
TXN00134,111.1,Best Buy,"San Diego, CA",2025-10-03T08:08:13,****6511,0
TXN00603,201.22,Target,"San Antonio, TX",2025-09-27T04:37:13,****3181,0
TXN00514,13.99,Home Depot,"San Jose, CA",2025-09-30T10:43:13,****5839,0
TXN00569,5.0,Home Depot,"San Diego, CA",2025-10-08T07:06:13,****8272,0
TXN00088,89.4,Chevron,"Phoenix, AZ",2025-09-30T11:07:13,****5844,0
TXN00269,28.22,Chevron,"Austin, TX",2025-10-12T17:07:13,****1897,0
TXN00409,65.39,Home Depot,"Jacksonville, FL",2025-09-30T07:48:13,****5331,0
TXN00562,1227.95,Home Depot,"Chicago, IL",2025-10-11T14:13:13,****2916,0
TXN00744,56.78,Starbucks,"San Diego, CA",2025-10-02T09:37:13,****8775,0
TXN00488,10.78,Shell Gas,"Jacksonville, FL",2025-10-01T06:03:13,****3756,0
TXN00085,16.24,Home Depot,"Jacksonville, FL",2025-09-21T05:50:13,****4228,0
TXN00345,26.94,Starbucks,"San Diego, CA",2025-10-20T06:34:13,****6776,0
TXN00136,558.3,Starbucks,"Phoenix, AZ",2025-10-11T11:54:13,****5526,0
TXN00152,91.81,Target,"Chicago, IL",2025-09-26T09:13:13,****2395,0
TXN00404,58.58,Best Buy,"New York, NY",2025-10-07T12:23:13,****7765,0
TXN00998,728.0,Chevron,"San Antonio, TX",2025-10-14T18:22:13,****7385,1
TXN00443,5.0,Home Depot,"San Jose, CA",2025-09-24T05:59:13,****8319,0
TXN00648,50.33,Apple Store,"Los Angeles, CA",2025-10-05T13:40:13,****7461,0
TXN00971,2129.79,Amazon,"Austin, TX",2025-10-09T19:55:13,****2650,1
TXN00686,159.09,Walmart,"Dallas, TX",2025-09-24T11:28:13,****7120,0
TXN00457,46.5,McDonald's,"Dallas, TX",2025-10-17T07:18:13,****1056,0
TXN00403,55.03,Target,"Austin, TX",2025-10-14T18:48:13,****2800,0
TXN00052,30.64,Chevron,"Dallas, TX",2025-10-16T16:00:13,****2312,0
TXN00157,896.65,Best Buy,"Chicago, IL",2025-10-04T15:32:13,****7693,0
TXN00832,13.76,Shell Gas,"New York, NY",2025-10-05T05:57:13,****8091,0
TXN00515,22.99,Best Buy,"Jacksonville, FL",2025-10-19T15:23:13,****7225,0
TXN00335,235.73,Walmart,"Jacksonville, FL",2025-09-27T02:30:13,****5807,0
TXN00154,77.35,Chevron,"San Antonio, TX",2025-10-07T03:13:13,****8025,0
TXN00579,5.94,Best Buy,"Houston, TX",2025-09-26T16:10:13,****9720,0
TXN00553,314.72,Chevron,"San Antonio, TX",2025-09-21T09:41:13,****7636,0
TXN00327,310.18,Costco,"San Antonio, TX",2025-10-21T08:17:13,****7825,0
TXN00043,45.9,Home Depot,"Austin, TX",2025-10-01T15:07:13,****6559,0
TXN00780,138.52,Costco,"Chicago, IL",2025-10-18T10:55:13,****6015,0
TXN00313,188.32,Apple Store,"Chicago, IL",2025-09-24T12:51:13,****8873,0
TXN00056,220.73,Starbucks,"Phoenix, AZ",2025-10-15T07:12:13,****4910,0
TXN00392,114.19,Starbucks,"Philadelphia, PA",2025-10-04T01:44:13,****3363,0
TXN00012,27.15,Costco,"San Diego, CA",2025-10-01T05:22:13,****7065,0
TXN00233,58.46,Amazon,"Philadelphia, PA",2025-10-13T23:42:13,****4362,0
TXN00124,6.67,Target,"Phoenix, AZ",2025-10-18T08:33:13,****6111,0
TXN00427,12.84,Amazon,"New York, NY",2025-10-12T09:26:13,****6489,0
TXN00890,288.03,Chevron,"San Diego, CA",2025-10-01T09:14:13,****2103,0
TXN00816,5.88,Target,"Los Angeles, CA",2025-09-27T10:17:13,****6421,0
TXN00343,78.84,Chevron,"Phoenix, AZ",2025-10-11T15:12:13,****5843,0
TXN00950,78.65,Costco,"Houston, TX",2025-10-10T15:30:13,****7296,0
TXN00081,39.27,Costco,"Chicago, IL",2025-10-03T01:16:13,****1626,0
TXN00937,11.8,McDonald's,"Chicago, IL",2025-10-13T10:18:13,****2373,0
TXN00851,21.44,CVS Pharmacy,"Austin, TX",2025-10-20T03:08:13,****7825,0
TXN00789,49.14,McDonald's,"Los Angeles, CA",2025-10-04T12:48:13,****3508,0
TXN00625,595.73,Walmart,"New York, NY",2025-09-29T14:32:13,****3684,0
TXN00610,514.95,CVS Pharmacy,"New York, NY",2025-09-24T04:36:13,****5942,0
TXN00098,80.77,Walmart,"San Antonio, TX",2025-10-14T13:48:13,****9486,0
TXN00697,89.05,Shell Gas,"New York, NY",2025-10-13T12:48:13,****2110,0
TXN00848,2000.0,Best Buy,"Dallas, TX",2025-10-20T11:04:13,****2679,0
TXN00178,483.14,Costco,"Dallas, TX",2025-10-21T09:27:13,****4681,0
TXN00495,536.3,Amazon,"New York, NY",2025-10-05T06:58:13,****5697,0
TXN00676,17.0,Amazon,"San Diego, CA",2025-10-05T10:55:13,****4813,0
TXN00991,3169.76,Costco,Offshore,2025-10-21T17:30:13,****6846,1
TXN00967,8936.07,CVS Pharmacy,"San Jose, CA",2025-10-06T11:35:13,****5501,1
TXN00583,141.06,CVS Pharmacy,"Chicago, IL",2025-10-14T14:12:13,****5055,0
TXN00410,118.11,Apple Store,"San Diego, CA",2025-10-15T02:15:13,****5890,0
TXN00640,7.83,Costco,"San Jose, CA",2025-09-26T11:53:13,****4974,0
TXN00095,30.32,Target,"New York, NY",2025-10-20T13:02:13,****2193,0
TXN00707,8.0,CVS Pharmacy,"Dallas, TX",2025-09-28T02:58:13,****5346,0
TXN00974,3533.49,CVS Pharmacy,"Kiev, Ukraine",2025-10-13T10:04:13,****3947,1
TXN00847,84.25,Costco,"Austin, TX",2025-10-13T14:29:13,****5835,0
TXN00256,26.41,Best Buy,"Chicago, IL",2025-09-30T09:38:13,****2773,0
TXN00597,36.42,Amazon,"San Antonio, TX",2025-10-01T11:48:13,****4836,0
TXN00743,21.39,McDonald's,"Austin, TX",2025-09-22T14:31:13,****4963,0
TXN00272,6.34,Target,"Chicago, IL",2025-10-09T09:18:13,****9196,0
TXN00142,387.89,Starbucks,"Jacksonville, FL",2025-10-07T12:16:13,****4777,0
TXN00160,146.18,Home Depot,"Houston, TX",2025-09-22T12:42:13,****4241,0
TXN00856,23.19,Shell Gas,"Chicago, IL",2025-09-30T16:21:13,****9418,0
TXN00923,66.65,Target,"Austin, TX",2025-10-05T17:56:13,****3406,0
TXN00039,7.45,Amazon,"Philadelphia, PA",2025-10-19T10:15:13,****8953,0
TXN00920,73.05,Home Depot,"Houston, TX",2025-10-08T04:46:13,****2856,0
TXN00806,34.34,Walmart,"Chicago, IL",2025-09-29T06:38:13,****3611,0
TXN00586,79.23,McDonald's,"Dallas, TX",2025-09-28T11:33:13,****7046,0
TXN00754,265.19,Apple Store,"Los Angeles, CA",2025-10-21T09:50:13,****7131,0
TXN00570,32.22,Shell Gas,"Chicago, IL",2025-10-19T08:42:13,****4613,0
TXN00524,128.5,Costco,"San Diego, CA",2025-10-17T16:05:13,****5521,0
TXN00567,5.0,Shell Gas,"San Jose, CA",2025-10-20T05:32:13,****8939,0
TXN00896,144.47,Amazon,"Philadelphia, PA",2025-10-14T05:47:13,****8145,0
TXN00982,4907.18,Foreign Exchange,"Jacksonville, FL",2025-09-30T12:00:13,****8987,1
TXN00678,756.28,CVS Pharmacy,"New York, NY",2025-09-26T23:18:13,****7363,0
TXN00666,64.05,Target,"San Jose, CA",2025-10-08T05:07:13,****9128,0
TXN00228,10.84,Home Depot,"Los Angeles, CA",2025-09-25T10:06:13,****5583,0
TXN00308,22.48,CVS Pharmacy,"San Diego, CA",2025-10-20T10:49:13,****4891,0
TXN00007,583.37,Starbucks,"Los Angeles, CA",2025-10-19T11:10:13,****6635,0
TXN00310,40.31,Best Buy,"Dallas, TX",2025-10-14T11:41:13,****8684,0
TXN00139,184.99,Home Depot,"Jacksonville, FL",2025-10-06T10:31:13,****2524,0
TXN00531,142.29,CVS Pharmacy,"Jacksonville, FL",2025-10-01T09:56:13,****4971,0
TXN00017,11.95,Amazon,"Philadelphia, PA",2025-10-09T12:19:13,****6155,0
TXN00872,16.49,Home Depot,"Austin, TX",2025-09-27T12:49:13,****7950,0
TXN00292,26.06,CVS Pharmacy,"Los Angeles, CA",2025-10-05T08:30:13,****5059,0
TXN00036,8.75,Shell Gas,"Dallas, TX",2025-10-07T14:18:13,****2049,0
TXN00799,56.97,Shell Gas,"Phoenix, AZ",2025-10-13T10:26:13,****3862,0
TXN00407,11.01,Chevron,"Philadelphia, PA",2025-09-30T10:08:13,****6140,0
TXN00459,23.8,Chevron,"San Antonio, TX",2025-09-25T13:03:13,****6671,0
TXN00993,3158.74,Online Casino,"Moscow, Russia",2025-10-01T05:52:13,****9745,1
TXN00369,63.21,Best Buy,"Austin, TX",2025-09-21T09:24:13,****5961,0
TXN00261,13.59,Amazon,"Chicago, IL",2025-09-24T13:50:13,****7566,0
TXN00677,10.32,Target,"Los Angeles, CA",2025-10-14T08:15:13,****9743,0
TXN00385,17.48,Shell Gas,"Houston, TX",2025-10-15T09:29:13,****1828,0
TXN00220,61.73,Starbucks,"Austin, TX",2025-09-28T06:55:13,****7242,0
TXN00559,98.66,Chevron,"Austin, TX",2025-10-11T08:53:13,****7431,0
TXN00577,77.74,Shell Gas,"Los Angeles, CA",2025-09-27T05:19:13,****6744,0
TXN00247,26.78,Walmart,"Jacksonville, FL",2025-10-18T04:51:13,****4522,0
TXN00624,410.81,Apple Store,"San Jose, CA",2025-10-20T11:45:13,****3877,0
TXN00815,256.66,Home Depot,"Chicago, IL",2025-10-05T04:38:13,****9123,0
TXN00441,97.13,Shell Gas,"Jacksonville, FL",2025-10-02T10:48:13,****9998,0
TXN00891,186.93,Costco,"Los Angeles, CA",2025-10-15T07:01:13,****6420,0
TXN00423,37.58,Home Depot,"New York, NY",2025-09-22T05:51:13,****4804,0
TXN00870,1113.55,Costco,"Austin, TX",2025-10-15T12:27:13,****2572,0
TXN00889,132.42,Walmart,"Chicago, IL",2025-09-30T05:38:13,****1891,0
TXN00688,31.12,Starbucks,"Chicago, IL",2025-10-16T07:05:13,****8982,0
TXN00323,16.0,CVS Pharmacy,"San Jose, CA",2025-10-05T10:43:13,****5720,0
TXN00361,118.99,Best Buy,"San Diego, CA",2025-10-21T10:56:13,****7044,0
TXN00928,96.14,Apple Store,"Austin, TX",2025-10-05T12:46:13,****6614,0
TXN00615,2000.0,Apple Store,"San Antonio, TX",2025-10-10T09:21:13,****8717,0
TXN00547,129.75,Walmart,"Los Angeles, CA",2025-09-25T02:23:13,****6707,0
TXN00866,30.52,Walmart,"Austin, TX",2025-10-10T09:35:13,****4994,0
TXN00838,12.21,Target,"Chicago, IL",2025-10-08T07:36:13,****9393,0
TXN00346,77.33,Apple Store,"San Antonio, TX",2025-10-13T07:42:13,****1939,0
TXN00517,115.74,Walmart,"Los Angeles, CA",2025-10-21T02:04:13,****6896,0
TXN00412,10.11,Starbucks,"San Diego, CA",2025-10-10T08:33:13,****5480,0
TXN00564,33.48,Apple Store,"Chicago, IL",2025-10-03T11:21:13,****8973,0
TXN00185,39.05,Target,"San Diego, CA",2025-10-04T10:11:13,****9903,0
TXN00171,14.38,Starbucks,"San Antonio, TX",2025-09-29T09:50:13,****7561,0
TXN00107,924.52,CVS Pharmacy,"Houston, TX",2025-10-19T11:11:13,****9890,0
TXN00438,6.89,Target,"San Antonio, TX",2025-09-30T09:35:13,****6095,0
TXN00941,8.0,McDonald's,"Philadelphia, PA",2025-10-18T13:51:13,****5155,0
TXN00470,23.02,Home Depot,"Austin, TX",2025-10-09T06:12:13,****7821,0
TXN00691,31.77,CVS Pharmacy,"Jacksonville, FL",2025-10-12T13:46:13,****1029,0
TXN00833,12.11,Apple Store,"San Diego, CA",2025-09-22T09:34:13,****3903,0
TXN00591,60.79,Apple Store,"Chicago, IL",2025-10-03T04:42:13,****6631,0
TXN00797,51.45,Apple Store,"Austin, TX",2025-10-06T14:27:13,****9383,0
TXN00109,80.34,Apple Store,"Jacksonville, FL",2025-10-21T04:44:13,****7232,0
TXN00728,91.96,Walmart,"San Jose, CA",2025-09-27T15:14:13,****9775,0
TXN00702,263.36,Walmart,"New York, NY",2025-10-12T20:16:13,****2715,0
TXN00729,24.3,Starbucks,"San Antonio, TX",2025-10-13T11:01:13,****8750,0
TXN00184,112.59,Amazon,"Phoenix, AZ",2025-09-28T11:55:13,****9022,0
TXN00859,23.85,Shell Gas,"Jacksonville, FL",2025-09-22T14:23:13,****6285,0
TXN00584,1645.89,Home Depot,"San Antonio, TX",2025-10-06T13:52:13,****5402,0
TXN00867,83.83,Amazon,"Austin, TX",2025-09-23T11:34:13,****2857,0
TXN00673,32.65,CVS Pharmacy,"Philadelphia, PA",2025-10-06T09:01:13,****6636,0
TXN00749,21.82,Chevron,"New York, NY",2025-09-24T05:43:13,****1145,0
TXN00938,157.99,Costco,"San Jose, CA",2025-09-23T09:16:13,****4096,0
TXN00781,71.28,Target,"Los Angeles, CA",2025-09-25T17:14:13,****8469,0
TXN00930,49.47,Target,"Los Angeles, CA",2025-10-21T12:37:13,****9263,0
TXN00545,5.0,Shell Gas,"Philadelphia, PA",2025-10-09T09:49:13,****9199,0
TXN00237,5.0,Home Depot,"New York, NY",2025-10-17T20:42:13,****4898,0
TXN00104,16.39,Chevron,"San Diego, CA",2025-10-01T13:04:13,****2269,0
TXN00100,38.4,Shell Gas,"Chicago, IL",2025-09-26T09:59:13,****6198,0
TXN00532,5.0,Starbucks,"San Antonio, TX",2025-10-13T05:07:13,****6980,0
TXN00222,5.0,Apple Store,"Dallas, TX",2025-10-11T03:18:13,****2035,0
TXN00080,5.0,McDonald's,"Austin, TX",2025-09-25T09:31:13,****2889,0
TXN00312,283.77,Costco,"San Antonio, TX",2025-10-05T09:22:13,****4271,0
TXN00786,276.21,CVS Pharmacy,"Austin, TX",2025-09-26T17:36:13,****5190,0
TXN00042,70.6,Home Depot,"San Antonio, TX",2025-10-10T11:03:13,****1887,0
TXN00542,10.03,Apple Store,"Austin, TX",2025-09-30T07:44:13,****6432,0
TXN00949,50.99,Target,"San Diego, CA",2025-09-22T08:27:13,****2049,0
TXN00632,541.49,Best Buy,"Jacksonville, FL",2025-10-05T21:38:13,****1201,0
TXN00060,235.88,Walmart,"Houston, TX",2025-10-10T12:04:13,****9900,0
TXN00726,41.43,Costco,"Dallas, TX",2025-10-07T03:32:13,****9561,0
TXN00378,71.88,Starbucks,"Jacksonville, FL",2025-10-11T05:37:13,****6658,0
TXN00426,425.36,Shell Gas,"Chicago, IL",2025-09-22T05:37:13,****5742,0
TXN00845,70.08,Amazon,"Dallas, TX",2025-10-18T19:23:13,****1869,0
TXN00898,68.04,Shell Gas,"San Diego, CA",2025-10-10T06:01:13,****2783,0
TXN00063,10.39,Target,"Phoenix, AZ",2025-10-18T03:45:13,****3546,0
TXN00655,2000.0,Costco,"San Diego, CA",2025-10-13T05:27:13,****3582,0
TXN00813,478.41,McDonald's,"Austin, TX",2025-09-28T13:10:13,****7305,0
TXN00082,93.29,Walmart,"San Jose, CA",2025-10-08T11:42:13,****6139,0
TXN00989,3184.55,Unknown Merchant,"Dallas, TX",2025-10-18T20:16:13,****3544,1
TXN00672,5.0,Best Buy,"Austin, TX",2025-09-26T09:31:13,****7266,0
TXN00917,135.89,Apple Store,"New York, NY",2025-10-05T04:04:13,****3713,0
TXN00014,5.0,Apple Store,"Austin, TX",2025-10-16T09:17:13,****3677,0
TXN00073,51.74,Chevron,"San Antonio, TX",2025-10-02T05:33:13,****4878,0
TXN00736,110.93,Costco,"Jacksonville, FL",2025-10-08T08:27:13,****4079,0
TXN00621,16.68,Chevron,"Philadelphia, PA",2025-10-09T08:44:13,****2083,0
TXN00227,60.12,McDonald's,"San Jose, CA",2025-09-28T06:36:13,****7797,0
TXN00801,223.06,CVS Pharmacy,"Los Angeles, CA",2025-10-18T04:36:13,****1751,0
TXN00984,3382.61,Foreign Exchange,"Moscow, Russia",2025-10-02T01:56:13,****7631,1
TXN00263,5.0,CVS Pharmacy,"Dallas, TX",2025-10-15T11:03:13,****6585,0
TXN00605,101.51,Apple Store,"Austin, TX",2025-10-16T09:46:13,****4490,0
TXN00853,20.99,Best Buy,"San Jose, CA",2025-09-24T05:37:13,****8259,0
TXN00639,7.89,Starbucks,"Los Angeles, CA",2025-10-04T10:09:13,****4287,0
TXN00539,247.01,CVS Pharmacy,"San Antonio, TX",2025-10-04T18:09:13,****9796,0
TXN00821,25.13,Walmart,"San Jose, CA",2025-09-21T08:13:13,****9328,0
TXN00674,31.28,Apple Store,"Dallas, TX",2025-10-11T11:21:13,****1427,0
TXN00398,416.05,CVS Pharmacy,"San Jose, CA",2025-10-12T10:31:13,****7035,0
TXN00658,52.66,McDonald's,"Dallas, TX",2025-10-20T07:16:13,****3848,0
TXN00585,71.72,Home Depot,"San Antonio, TX",2025-10-09T09:52:13,****2525,0
TXN00761,23.02,McDonald's,"Jacksonville, FL",2025-10-20T08:56:13,****4111,0
TXN00102,29.05,Chevron,"San Diego, CA",2025-09-23T13:37:13,****8777,0
TXN00942,202.08,Costco,"Dallas, TX",2025-10-08T08:53:13,****5514,0
TXN00498,41.04,Costco,"Philadelphia, PA",2025-10-13T06:27:13,****7112,0
TXN00850,24.62,Best Buy,"Dallas, TX",2025-09-26T05:48:13,****5712,0
TXN00207,118.22,CVS Pharmacy,"Phoenix, AZ",2025-10-20T23:50:13,****7484,0
TXN00956,6847.15,CVS Pharmacy,"Philadelphia, PA",2025-10-14T13:54:13,****4187,1
TXN00183,10.95,Costco,"San Antonio, TX",2025-10-11T02:00:13,****5377,0
TXN00133,11.1,Starbucks,"Houston, TX",2025-09-25T02:15:13,****8385,0
TXN00045,5.94,McDonald's,"Chicago, IL",2025-10-13T09:37:13,****2235,0
TXN00069,93.92,Walmart,"Los Angeles, CA",2025-09-21T03:35:13,****3442,0
TXN00784,136.44,Amazon,"Houston, TX",2025-10-14T07:24:13,****4460,0
TXN00536,58.62,Home Depot,"San Diego, CA",2025-10-17T08:17:13,****5139,0
TXN00099,55.02,Shell Gas,"New York, NY",2025-10-04T12:38:13,****2988,0
TXN00997,225.57,McDonald's,"Phoenix, AZ",2025-10-14T16:42:13,****1118,1
TXN00330,140.12,McDonald's,"San Diego, CA",2025-10-20T08:09:13,****5155,0
TXN00657,55.75,Best Buy,"Philadelphia, PA",2025-10-17T15:17:13,****6828,0
TXN00420,60.42,Home Depot,"Chicago, IL",2025-10-21T00:33:13,****3587,0
TXN00912,75.85,Walmart,"Jacksonville, FL",2025-09-21T08:39:13,****5480,0
TXN00290,21.45,Shell Gas,"San Jose, CA",2025-10-01T12:54:13,****8792,0
TXN00628,45.21,CVS Pharmacy,"Los Angeles, CA",2025-09-27T04:11:13,****8034,0
TXN00854,324.9,Best Buy,"Austin, TX",2025-09-29T07:09:13,****9955,0
TXN00565,330.9,Home Depot,"Dallas, TX",2025-09-29T02:33:13,****3838,0
TXN00510,15.7,CVS Pharmacy,"Jacksonville, FL",2025-10-19T10:10:13,****1879,0
TXN00700,41.37,Shell Gas,"San Antonio, TX",2025-10-10T09:26:13,****8855,0
TXN00537,15.02,Home Depot,"Chicago, IL",2025-09-29T11:08:13,****2211,0
TXN00820,269.95,Walmart,"San Antonio, TX",2025-10-08T17:57:13,****1002,0
TXN00397,5.0,Apple Store,"Philadelphia, PA",2025-10-05T04:58:13,****9025,0
TXN00552,43.23,CVS Pharmacy,"Houston, TX",2025-10-05T14:22:13,****6422,0
TXN00675,6.61,Starbucks,"San Jose, CA",2025-10-14T18:41:13,****5602,0
TXN00065,184.71,Home Depot,"Austin, TX",2025-09-24T13:01:13,****5114,0
TXN00739,663.95,Walmart,"Phoenix, AZ",2025-09-29T10:24:13,****9589,0
TXN00987,2128.55,Starbucks,"Lagos, Nigeria",2025-09-28T18:17:13,****5122,1
TXN00245,9.02,Costco,"San Jose, CA",2025-10-01T08:47:13,****6327,0
TXN00636,5.0,Costco,"Los Angeles, CA",2025-10-03T11:00:13,****1862,0
TXN00373,481.41,Home Depot,"San Jose, CA",2025-10-13T07:43:13,****7825,0
TXN00635,11.96,Best Buy,"Philadelphia, PA",2025-10-14T10:46:13,****6241,0
TXN00986,1895.08,McDonald's,"Phoenix, AZ",2025-09-27T17:37:13,****6950,1
TXN00190,5.63,Amazon,"Chicago, IL",2025-10-05T01:11:13,****2644,0
TXN00752,7.19,McDonald's,"San Antonio, TX",2025-09-24T12:16:13,****4575,0
TXN00389,227.16,McDonald's,"New York, NY",2025-10-03T09:09:13,****5728,0
TXN00519,63.37,Chevron,"Dallas, TX",2025-10-05T11:31:13,****2468,0
TXN00901,94.92,CVS Pharmacy,"Los Angeles, CA",2025-09-23T20:00:13,****1511,0
TXN00948,19.34,Target,"San Antonio, TX",2025-09-21T07:41:13,****2492,0
TXN00001,115.02,Home Depot,"Los Angeles, CA",2025-10-21T06:17:13,****4657,0
TXN00465,46.13,Target,"Dallas, TX",2025-10-12T12:34:13,****6224,0
TXN00376,17.27,Costco,"San Diego, CA",2025-10-19T07:22:13,****8202,0
TXN00555,90.6,Amazon,"Jacksonville, FL",2025-10-02T04:04:13,****8037,0
TXN00270,66.43,Amazon,"Houston, TX",2025-10-12T01:43:13,****3248,0
TXN00303,167.49,Starbucks,"Phoenix, AZ",2025-10-16T02:11:13,****8967,0
TXN00461,1040.12,Amazon,"Austin, TX",2025-10-08T07:33:13,****1256,0
TXN00871,41.87,Target,"Dallas, TX",2025-10-04T22:28:13,****4453,0
TXN00544,474.54,CVS Pharmacy,"Dallas, TX",2025-10-04T08:56:13,****4621,0
TXN00071,93.89,McDonald's,"Chicago, IL",2025-10-20T11:35:13,****1653,0
TXN00165,231.61,McDonald's,"Jacksonville, FL",2025-10-11T08:31:13,****2496,0
TXN00568,12.04,Target,"Houston, TX",2025-09-25T10:57:13,****9281,0
TXN00614,10.09,Chevron,"New York, NY",2025-10-10T02:24:13,****7337,0
TXN00282,147.41,Best Buy,"Los Angeles, CA",2025-10-17T13:21:13,****3504,0
TXN00480,292.76,Best Buy,"Jacksonville, FL",2025-10-02T07:07:13,****4921,0
TXN00750,6.62,Shell Gas,"Chicago, IL",2025-10-01T13:41:13,****1138,0
TXN00332,14.21,CVS Pharmacy,"Austin, TX",2025-10-01T14:55:13,****6447,0
TXN00357,53.1,Walmart,"Austin, TX",2025-09-21T05:12:13,****6692,0
TXN00945,871.27,Apple Store,"Philadelphia, PA",2025-09-27T06:45:13,****3262,0
TXN00192,197.27,McDonald's,"Austin, TX",2025-10-17T15:42:13,****5342,0
TXN00581,90.72,Costco,"San Jose, CA",2025-10-13T02:00:13,****2560,0
TXN00195,70.79,Chevron,"New York, NY",2025-10-02T15:52:13,****5708,0
TXN00502,957.31,Home Depot,"New York, NY",2025-09-29T14:01:13,****8109,0
TXN00958,6522.18,Home Depot,"Los Angeles, CA",2025-09-21T06:16:13,****9813,1
TXN00556,29.44,McDonald's,"New York, NY",2025-09-29T13:15:13,****2025,0
TXN00302,23.56,Walmart,"Austin, TX",2025-09-30T11:09:13,****1298,0
TXN00573,89.16,Walmart,"San Jose, CA",2025-10-18T11:58:13,****7010,0
TXN00975,4906.73,Cash Advance,"Houston, TX",2025-10-12T22:41:13,****4863,1
TXN00724,166.48,Best Buy,"Austin, TX",2025-10-17T05:16:13,****6238,0
TXN00497,11.52,Walmart,"Los Angeles, CA",2025-10-05T14:20:13,****9625,0
TXN00041,165.29,Best Buy,"San Diego, CA",2025-09-26T11:26:13,****2588,0
TXN00939,78.7,Amazon,"Jacksonville, FL",2025-09-28T05:56:13,****9561,0
TXN00138,33.68,CVS Pharmacy,"San Antonio, TX",2025-10-06T09:17:13,****8800,0
TXN00742,8.01,CVS Pharmacy,"Houston, TX",2025-10-13T11:03:13,****9275,0
TXN00367,76.41,Chevron,"Chicago, IL",2025-10-12T14:12:13,****4694,0
TXN00387,91.16,Costco,"Dallas, TX",2025-10-21T05:05:13,****3194,0
TXN00706,135.51,Target,"New York, NY",2025-10-18T12:20:13,****7705,0
TXN00022,38.91,Walmart,"Chicago, IL",2025-10-01T13:49:13,****7916,0
TXN00198,68.76,Starbucks,"New York, NY",2025-10-12T11:05:13,****3385,0
TXN00751,13.67,Best Buy,"Phoenix, AZ",2025-10-02T05:13:13,****5511,0
TXN00450,11.15,CVS Pharmacy,"New York, NY",2025-10-09T13:32:13,****4570,0
TXN00825,27.99,Home Depot,"Houston, TX",2025-10-21T11:39:13,****5783,0
TXN00356,12.14,Walmart,"Chicago, IL",2025-09-24T16:21:13,****8292,0
TXN00775,138.76,Apple Store,"Chicago, IL",2025-10-06T05:43:13,****2442,0
TXN00855,459.78,CVS Pharmacy,"San Jose, CA",2025-10-15T06:20:13,****5819,0
TXN00808,26.63,Target,"San Jose, CA",2025-10-09T05:53:13,****1472,0
TXN00572,674.96,Shell Gas,"San Jose, CA",2025-09-28T06:01:13,****9369,0
TXN00325,12.07,Walmart,"Los Angeles, CA",2025-09-25T03:54:13,****9782,0
TXN00972,1212.49,Costco,"Chicago, IL",2025-10-13T17:17:13,****5413,1
TXN00500,6.86,Costco,"Austin, TX",2025-09-25T04:51:13,****1519,0
TXN00977,2396.84,Cash Advance,Offshore,2025-09-28T05:12:13,****8972,1
TXN00110,48.83,Shell Gas,"New York, NY",2025-09-21T10:44:13,****7389,0
TXN00957,4655.6,Amazon,"Kiev, Ukraine",2025-10-08T17:00:13,****2744,1
TXN00550,22.07,Starbucks,"Los Angeles, CA",2025-10-12T16:47:13,****2885,0
TXN00719,31.65,Chevron,"Austin, TX",2025-09-24T01:56:13,****4860,0
TXN00158,111.14,Shell Gas,"Jacksonville, FL",2025-10-02T10:30:13,****4792,0
TXN00661,23.09,Amazon,"New York, NY",2025-09-25T06:18:13,****3141,0
TXN00365,153.73,Shell Gas,"San Diego, CA",2025-09-30T09:24:13,****3981,0
TXN00858,110.73,Target,"Chicago, IL",2025-10-03T05:32:13,****6415,0
TXN00062,41.33,Amazon,"Austin, TX",2025-09-25T08:33:13,****2697,0
TXN00641,32.99,Shell Gas,"Philadelphia, PA",2025-10-03T00:43:13,****4201,0
TXN00778,37.66,Amazon,"Philadelphia, PA",2025-09-27T05:20:13,****1293,0
TXN00347,6.22,Walmart,"Austin, TX",2025-10-01T11:00:13,****3621,0
TXN00634,28.78,Target,"New York, NY",2025-10-04T04:47:13,****7870,0
TXN00703,18.98,Walmart,"Philadelphia, PA",2025-10-16T04:22:13,****2228,0
TXN00094,33.4,Walmart,"Houston, TX",2025-09-30T11:41:13,****4262,0
TXN00512,50.63,Starbucks,"New York, NY",2025-10-01T12:04:13,****9038,0
TXN00162,177.79,Target,"Los Angeles, CA",2025-10-20T14:13:13,****5728,0
TXN00931,23.74,Home Depot,"San Antonio, TX",2025-09-25T14:26:13,****3906,0
TXN00092,233.45,Shell Gas,"San Diego, CA",2025-10-07T07:00:13,****8752,0
TXN00921,273.27,Shell Gas,"Austin, TX",2025-10-06T09:55:13,****3641,0
TXN00960,3439.81,Amazon,Unknown Location,2025-10-13T19:28:13,****7269,1
TXN00159,9.14,Costco,"Jacksonville, FL",2025-10-12T07:03:13,****2166,0
TXN00611,145.7,Best Buy,"Dallas, TX",2025-10-02T09:45:13,****7418,0
TXN00705,5.29,CVS Pharmacy,"New York, NY",2025-10-08T02:22:13,****8113,0
TXN00487,20.7,Shell Gas,"Dallas, TX",2025-10-01T02:11:13,****5216,0
TXN00708,759.14,Home Depot,"Phoenix, AZ",2025-10-12T13:29:13,****7437,0
TXN00803,63.07,Shell Gas,"San Jose, CA",2025-10-13T04:27:13,****7105,0
TXN00596,25.41,Walmart,"Austin, TX",2025-10-10T13:09:13,****3711,0
TXN00908,167.23,CVS Pharmacy,"Jacksonville, FL",2025-10-06T02:30:13,****4585,0
TXN00010,123.2,Apple Store,"Houston, TX",2025-09-29T15:50:13,****4733,0
TXN00249,771.38,McDonald's,"San Antonio, TX",2025-09-28T15:05:13,****6120,0
TXN00809,359.11,Home Depot,"Jacksonville, FL",2025-09-23T13:34:13,****8997,0
TXN00406,138.97,CVS Pharmacy,"Jacksonville, FL",2025-10-20T06:59:13,****4397,0
TXN00123,447.73,CVS Pharmacy,"Phoenix, AZ",2025-09-27T10:54:13,****2876,0
TXN00599,28.04,Shell Gas,"Los Angeles, CA",2025-10-17T08:59:13,****8291,0
TXN00283,589.35,Home Depot,"Los Angeles, CA",2025-10-16T01:52:13,****9095,0
TXN00814,73.32,Target,"Dallas, TX",2025-09-23T00:29:13,****1190,0
TXN00172,16.06,Chevron,"New York, NY",2025-10-07T15:16:13,****6296,0
TXN00969,6680.15,Cash Advance,"San Diego, CA",2025-10-20T05:00:13,****6689,1
TXN00333,61.17,Target,"New York, NY",2025-10-10T08:40:13,****3868,0
TXN00445,7.72,Amazon,"Dallas, TX",2025-09-23T09:56:13,****9792,0
TXN00649,38.61,Walmart,"San Jose, CA",2025-10-03T15:50:13,****3141,0
TXN00242,45.97,Costco,"San Diego, CA",2025-10-01T01:29:13,****8847,0
TXN00116,85.83,Target,"San Diego, CA",2025-10-16T16:08:13,****6363,0
TXN00224,5.0,Walmart,"Chicago, IL",2025-10-20T02:13:13,****9071,0
TXN00683,24.86,Best Buy,"San Jose, CA",2025-10-14T20:02:13,****1011,0
TXN00885,151.84,Amazon,"San Jose, CA",2025-10-02T10:57:13,****2394,0
TXN00054,136.66,McDonald's,"Los Angeles, CA",2025-09-21T04:17:13,****1651,0
TXN00370,17.12,Apple Store,"Dallas, TX",2025-10-19T10:22:13,****3526,0
TXN00924,19.1,Amazon,"Chicago, IL",2025-10-13T02:59:13,****7642,0
TXN00306,65.1,Home Depot,"Philadelphia, PA",2025-09-23T06:24:13,****7172,0
TXN00654,10.38,Walmart,"Dallas, TX",2025-10-10T01:19:13,****8404,0
TXN00493,61.32,Chevron,"San Diego, CA",2025-10-10T15:52:13,****8916,0
TXN00260,174.5,Costco,"Jacksonville, FL",2025-09-27T12:11:13,****6751,0
TXN00126,1459.26,Walmart,"San Jose, CA",2025-09-29T05:17:13,****2669,0
TXN00919,27.95,Target,"Chicago, IL",2025-10-10T07:40:13,****2938,0
TXN00563,201.68,Target,"Philadelphia, PA",2025-09-29T14:08:13,****7852,0
TXN00763,2000.0,Home Depot,"Philadelphia, PA",2025-10-05T12:22:13,****3967,0
TXN00044,34.76,Walmart,"Houston, TX",2025-10-15T13:04:13,****3296,0
TXN00746,18.38,CVS Pharmacy,"Jacksonville, FL",2025-10-19T12:08:13,****1813,0
TXN00645,37.77,Walmart,"Houston, TX",2025-10-05T00:06:13,****9061,0
TXN00163,310.41,Shell Gas,"Los Angeles, CA",2025-10-07T06:48:13,****7594,0
TXN00331,53.6,CVS Pharmacy,"New York, NY",2025-10-10T06:10:13,****4950,0
TXN00964,4762.03,Cash Advance,Unknown Location,2025-10-14T23:17:13,****4965,1
TXN00698,8.36,Starbucks,"Phoenix, AZ",2025-09-26T15:32:13,****1788,0
TXN00399,45.98,Starbucks,"Austin, TX",2025-10-17T23:55:13,****6040,0
TXN00485,17.56,CVS Pharmacy,"Chicago, IL",2025-10-21T12:33:13,****7841,0
TXN00214,145.05,Costco,"Philadelphia, PA",2025-09-28T11:20:13,****3165,0
TXN00682,10.04,Chevron,"Phoenix, AZ",2025-10-16T10:27:13,****1920,0
TXN00534,8.88,Home Depot,"Dallas, TX",2025-10-21T02:03:13,****4434,0
TXN00097,85.13,Shell Gas,"San Antonio, TX",2025-10-14T13:48:13,****1090,0
TXN00929,571.51,Shell Gas,"San Jose, CA",2025-10-03T16:08:13,****7315,0
TXN00753,12.63,Shell Gas,"Phoenix, AZ",2025-09-30T08:53:13,****7506,0
TXN00472,5.0,Shell Gas,"Houston, TX",2025-09-24T12:38:13,****3365,0
TXN00204,265.26,Apple Store,"Phoenix, AZ",2025-10-01T00:48:13,****5097,0
TXN00035,187.51,CVS Pharmacy,"Jacksonville, FL",2025-10-15T07:07:13,****7118,0
TXN00756,2000.0,Shell Gas,"Los Angeles, CA",2025-10-10T23:52:13,****6327,0
TXN00254,256.9,Starbucks,"Austin, TX",2025-09-21T05:37:13,****1842,0
TXN00454,116.29,Starbucks,"San Antonio, TX",2025-10-07T03:34:13,****7184,0
TXN00790,5.0,Best Buy,"Jacksonville, FL",2025-09-30T08:13:13,****7895,0
TXN00395,320.27,Shell Gas,"Chicago, IL",2025-10-02T04:24:13,****6373,0
TXN00255,5.59,Costco,"San Jose, CA",2025-10-12T10:56:13,****9313,0
TXN00732,12.58,Amazon,"Jacksonville, FL",2025-10-06T02:35:13,****7102,0
TXN00787,190.73,Chevron,"San Jose, CA",2025-10-20T09:29:13,****2771,0
TXN00125,131.67,Apple Store,"Austin, TX",2025-09-22T02:07:13,****4249,0
TXN00013,78.49,Starbucks,"Houston, TX",2025-09-30T11:33:13,****2169,0
TXN00849,20.98,Apple Store,"Austin, TX",2025-09-28T09:18:13,****7371,0
TXN00391,14.19,Apple Store,"Austin, TX",2025-10-02T14:26:13,****7453,0
TXN00837,558.78,Costco,"San Antonio, TX",2025-09-21T12:14:13,****8419,0
TXN00257,365.17,Starbucks,"Dallas, TX",2025-10-10T15:15:13,****4705,0
TXN00862,5.62,Chevron,"Houston, TX",2025-09-21T13:28:13,****9276,0
TXN00918,72.23,Best Buy,"Los Angeles, CA",2025-10-05T08:19:13,****3461,0
TXN00197,14.5,Shell Gas,"Chicago, IL",2025-09-29T12:31:13,****1753,0
TXN00186,159.33,McDonald's,"San Diego, CA",2025-09-22T12:20:13,****4912,0
TXN00482,13.02,Home Depot,"Philadelphia, PA",2025-10-12T13:00:13,****9147,0
TXN00557,26.27,Apple Store,"Los Angeles, CA",2025-09-26T04:21:13,****6993,0
TXN00074,570.76,Target,"Chicago, IL",2025-09-23T11:21:13,****6442,0
TXN00402,22.22,Target,"Dallas, TX",2025-10-01T06:43:13,****7229,0
TXN00795,10.79,Amazon,"Dallas, TX",2025-10-06T02:48:13,****8875,0
TXN00273,312.54,Chevron,"Austin, TX",2025-09-26T11:07:13,****1693,0
TXN00058,34.34,Starbucks,"Los Angeles, CA",2025-10-21T09:56:13,****2638,0
TXN00150,85.24,Target,"New York, NY",2025-10-13T02:02:13,****2869,0
TXN00769,21.32,Shell Gas,"Houston, TX",2025-10-05T13:49:13,****7253,0
TXN00864,807.4,Best Buy,"Houston, TX",2025-09-30T12:09:13,****5809,0
TXN00083,501.12,McDonald's,"San Jose, CA",2025-10-05T14:35:13,****4114,0
TXN00339,101.43,Amazon,"Austin, TX",2025-10-11T11:41:13,****7029,0
TXN00033,53.5,Target,"Chicago, IL",2025-09-30T09:57:13,****3705,0
TXN00811,41.25,Amazon,"Jacksonville, FL",2025-09-24T06:43:13,****4669,0
TXN00714,99.36,McDonald's,"Chicago, IL",2025-10-10T04:09:13,****4056,0
TXN00475,643.84,Shell Gas,"Philadelphia, PA",2025-10-19T08:39:13,****4120,0
TXN00381,15.49,Target,"Los Angeles, CA",2025-10-20T12:08:13,****7850,0
TXN00511,81.92,Walmart,"San Antonio, TX",2025-10-14T05:11:13,****7499,0
TXN00819,61.77,Walmart,"San Diego, CA",2025-10-07T12:01:13,****1291,0
TXN00805,28.45,McDonald's,"Jacksonville, FL",2025-09-24T10:06:13,****3732,0
TXN00320,44.92,Target,"Chicago, IL",2025-10-20T11:39:13,****8740,0
TXN00431,9.25,Amazon,"Jacksonville, FL",2025-10-11T05:56:13,****4164,0
TXN00351,87.04,Home Depot,"San Diego, CA",2025-09-21T11:04:13,****2259,0
TXN00223,152.84,Home Depot,"San Diego, CA",2025-09-22T06:51:13,****7689,0
TXN00506,26.29,Chevron,"San Jose, CA",2025-09-30T18:33:13,****6152,0
TXN00016,23.49,Home Depot,"Philadelphia, PA",2025-09-25T06:29:13,****4752,0
TXN00155,84.74,Costco,"San Jose, CA",2025-10-02T15:45:13,****2625,0
TXN00093,19.05,CVS Pharmacy,"Chicago, IL",2025-09-30T15:00:13,****6491,0
TXN00239,20.23,CVS Pharmacy,"San Antonio, TX",2025-10-05T15:28:13,****8802,0
TXN00009,27.0,Walmart,"San Antonio, TX",2025-10-19T08:39:13,****6925,0
TXN00745,118.69,Apple Store,"Dallas, TX",2025-10-10T11:39:13,****5237,0
TXN00449,25.26,Apple Store,"New York, NY",2025-10-04T09:41:13,****6049,0
TXN00733,100.72,Amazon,"Philadelphia, PA",2025-09-25T06:13:13,****5593,0
TXN00129,63.4,Walmart,"Dallas, TX",2025-10-01T11:38:13,****7882,0
TXN00276,109.2,Costco,"Los Angeles, CA",2025-10-09T20:12:13,****3815,0
TXN00289,83.22,Apple Store,"San Jose, CA",2025-10-05T10:55:13,****1672,0
TXN00105,42.87,CVS Pharmacy,"Phoenix, AZ",2025-10-14T12:12:13,****9849,0
TXN00191,27.94,Shell Gas,"Los Angeles, CA",2025-10-05T03:32:13,****3361,0
TXN00023,60.42,Apple Store,"Los Angeles, CA",2025-10-09T11:03:13,****9669,0
TXN00548,40.26,Costco,"Philadelphia, PA",2025-10-07T05:59:13,****8912,0
TXN00051,88.78,Amazon,"Jacksonville, FL",2025-10-11T15:55:13,****8811,0
TXN00156,18.7,Best Buy,"Austin, TX",2025-10-15T13:27:13,****3573,0
TXN00020,6.56,Costco,"Jacksonville, FL",2025-10-03T10:55:13,****7543,0
TXN00329,139.24,Chevron,"Dallas, TX",2025-10-05T06:00:13,****1333,0
TXN00193,75.27,Starbucks,"San Jose, CA",2025-09-29T11:27:13,****6383,0
TXN00504,127.03,Amazon,"Houston, TX",2025-10-15T03:48:13,****8790,0
TXN00638,60.95,Walmart,"San Diego, CA",2025-09-24T11:38:13,****6090,0
TXN00718,68.41,Chevron,"New York, NY",2025-09-25T10:59:13,****7858,0
TXN00279,60.62,Walmart,"San Antonio, TX",2025-09-24T12:11:13,****4630,0
TXN00464,75.26,McDonald's,"San Diego, CA",2025-10-14T08:44:13,****1924,0
TXN00633,43.08,Best Buy,"New York, NY",2025-10-06T10:34:13,****3458,0
TXN00467,137.17,Costco,"Chicago, IL",2025-09-30T09:06:13,****5923,0
TXN00653,36.48,Target,"Los Angeles, CA",2025-10-16T10:12:13,****7660,0
TXN00114,2000.0,Shell Gas,"Chicago, IL",2025-10-02T08:34:13,****7455,0
TXN00297,210.48,Costco,"Jacksonville, FL",2025-09-24T07:34:13,****3463,0
TXN00140,8.62,Costco,"Houston, TX",2025-10-09T07:13:13,****7046,0
TXN00187,111.04,Apple Store,"San Antonio, TX",2025-10-14T05:06:13,****1715,0
